,_id,datetime,heat_i,hum,rain,temp
0,61b099acc4e57b71df6cce5b,40:28.0,6.51,55,4095,8.2
1,61b09e5cc4e57b71df6cce5c,00:28.4,6.51,55,4095,8.2
2,61b0a30cc4e57b71df6cce5d,20:28.9,6.62,55,4095,8.3
3,61b0a7a9b5262749cfe52f0e,40:09.1,6.61,56,4095,8.5
4,61b0ac59b5262749cfe52f0f,00:09.8,6.62,55,4095,8.3
5,61b0b10ab5262749cfe52f10,20:10.2,6.65,56,4095,8.3
6,61b0b5bab5262749cfe52f11,40:10.6,6.51,55,4095,8.2
7,61b0ba6bb5262749cfe52f12,00:11.2,6.51,55,4095,8.2
8,61b0bf20085abea5af6c6ea1,20:16.5,6.71,54,4095,8.4
9,61b0c3d1085abea5af6c6ea2,40:17.2,6.57,53,4095,8.3
10,61b0c881085abea5af6c6ea3,00:17.7,6.57,53,4095,8.3
11,61b0cd32085abea5af6c6ea4,20:18.1,6.43,52,4095,8.2
12,61b0d1e2085abea5af6c6ea5,40:18.7,6.43,52,4095,8.2
13,61b0d693085abea5af6c6ea6,00:19.1,6.32,52,4095,8.1
14,61b0db43085abea5af6c6ea7,20:19.4,6.21,52,4095,8
15,61b0dff3085abea5af6c6ea8,40:19.9,6.21,52,4095,8
16,61b0e4a4085abea5af6c6ea9,00:20.3,6.1,52,4095,7.9
17,61b0e954085abea5af6c6eaa,20:20.6,6.1,52,4095,7.9
18,61b0ee05085abea5af6c6eab,40:21.0,5.99,52,4095,7.8
19,61b0f2b5085abea5af6c6eac,00:21.4,5.88,52,4095,7.7
20,61b0f765085abea5af6c6ead,20:21.7,5.88,52,4095,7.7
21,61b0fc16085abea5af6c6eae,40:22.1,5.66,52,4095,7.5
22,61b100c6085abea5af6c6eaf,00:22.7,5.55,52,4095,7.4
23,61b10577085abea5af6c6eb0,20:23.2,5.44,52,4095,7.3
24,61b10a27085abea5af6c6eb1,40:23.6,5.36,53,4095,7.2
25,61b10ed7085abea5af6c6eb2,00:23.9,5.36,53,4095,7.2
26,61b11388085abea5af6c6eb3,20:24.3,5.14,53,4095,7
27,61b11838085abea5af6c6eb4,40:24.7,5.06,54,4095,6.9
28,61b11ce9085abea5af6c6eb5,00:25.0,5.06,54,4095,6.9
29,61b12199085abea5af6c6eb6,20:25.4,5.03,53,4095,6.9
30,61b14254c6b7e6fe9d4bfdba,40:04.9,4.66,64,4095,6.3
31,61b14705c6b7e6fe9d4bfdbb,00:05.5,4.63,63,4095,6.3
32,61b14bb5c6b7e6fe9d4bfdbc,20:05.8,4.74,63,4095,6.4
33,61b15066c6b7e6fe9d4bfdbd,40:06.2,4.41,63,4095,6.1
34,61b15516c6b7e6fe9d4bfdbe,00:06.6,4.38,62,4095,6.1
35,61b159c6c6b7e6fe9d4bfdbf,20:06.9,4.49,62,4095,6.2
36,61b15e77c6b7e6fe9d4bfdc0,40:07.2,4.49,62,4095,6.2
37,61b16327c6b7e6fe9d4bfdc1,00:07.7,4.38,62,4095,6.1
38,61b167d8c6b7e6fe9d4bfdc2,20:08.1,4.38,62,4095,6.1
39,61b16c88c6b7e6fe9d4bfdc3,40:08.4,4.38,62,4095,6.1
40,61b17138c6b7e6fe9d4bfdc4,00:08.8,4.27,62,4095,6
41,61b175e9c6b7e6fe9d4bfdc5,20:09.1,4.3,63,4095,6
42,61b17a99c6b7e6fe9d4bfdc6,40:09.5,4.3,63,4095,6
43,61b17f49c6b7e6fe9d4bfdc7,00:09.9,4.41,63,4095,6.1
44,61b183fac6b7e6fe9d4bfdc8,20:10.2,4.3,63,4095,6
45,61b188aac6b7e6fe9d4bfdc9,40:10.6,4.44,64,4095,6.1
46,61b18d5bc6b7e6fe9d4bfdca,00:11.0,4.3,63,4095,6
47,61b1920bc6b7e6fe9d4bfdcb,20:11.4,4.27,62,4095,6
48,61b196bbc6b7e6fe9d4bfdcc,40:11.8,4.49,62,4095,6.2
49,61b19b6cc6b7e6fe9d4bfdcd,00:12.1,4.47,61,4095,6.2
50,61b1a01cc6b7e6fe9d4bfdce,20:12.5,4.44,60,4095,6.2
51,61b1a4ccc6b7e6fe9d4bfdcf,40:12.9,4.31,59,4095,6.1
52,61b1a97dc6b7e6fe9d4bfdd0,00:13.2,4.2,59,4095,6
53,61b1ae2dc6b7e6fe9d4bfdd1,20:13.6,4.2,59,4095,6
54,61b1b2ddc6b7e6fe9d4bfdd2,40:13.9,4.11,60,4095,5.9
55,61b1b78ec6b7e6fe9d4bfdd3,00:14.3,4.11,60,4095,5.9
56,61b1bc3ec6b7e6fe9d4bfdd4,20:14.7,4.14,61,4095,5.9
57,61b1c0efc6b7e6fe9d4bfdd5,40:15.1,4.03,61,4095,5.8
58,61b1c59fc6b7e6fe9d4bfdd6,00:15.4,4.14,61,4095,5.9
59,61b1ca4fc6b7e6fe9d4bfdd7,20:15.8,3.92,61,4095,5.7
60,61b1cf00c6b7e6fe9d4bfdd8,40:16.2,3.83,62,4095,5.6
61,61b1d3b0c6b7e6fe9d4bfdd9,00:16.6,3.75,63,4095,5.5
62,61b1d862c6b7e6fe9d4bfdda,20:18.2,3.86,63,4095,5.6
63,61b1dd13c6b7e6fe9d4bfddb,40:20.0,3.86,63,4095,5.6
64,61b1e1c4c6b7e6fe9d4bfddc,00:20.3,3.97,63,4095,5.7
65,61b1e674c6b7e6fe9d4bfddd,20:20.6,3.75,63,4095,5.5
66,61b1eb24c6b7e6fe9d4bfdde,40:21.0,3.67,64,4095,5.4
67,61b1efd5c6b7e6fe9d4bfddf,00:21.3,3.56,64,4095,5.3
68,61b1f485c6b7e6fe9d4bfde0,20:21.8,3.5,66,4095,5.2
69,61b1f936c6b7e6fe9d4bfde1,40:22.1,3.28,66,4095,5
70,61b1fde3c6b7e6fe9d4bfde2,00:19.1,3.19,67,4095,4.9
71,61b20293c6b7e6fe9d4bfde3,20:19.5,3.08,67,4095,4.8
72,61b20743c6b7e6fe9d4bfde4,40:19.9,3,68,4095,4.7
73,61b20bf4c6b7e6fe9d4bfde5,00:20.3,3,68,4095,4.7
74,61b210a4c6b7e6fe9d4bfde6,20:20.7,2.92,69,4095,4.6
75,61b21555c6b7e6fe9d4bfde7,40:21.1,2.81,69,4095,4.5
76,61b21a06c6b7e6fe9d4bfde8,00:22.5,2.83,70,4095,4.5
77,61b21eb6c6b7e6fe9d4bfde9,20:22.8,2.72,70,4095,4.4
78,61b22367c6b7e6fe9d4bfdea,40:23.2,2.72,70,4095,4.4
79,61b22817c6b7e6fe9d4bfdeb,00:23.6,2.64,71,4095,4.3
80,61b22cc8c6b7e6fe9d4bfdec,20:24.5,2.64,71,4095,4.3
81,61b23178c6b7e6fe9d4bfded,40:24.8,2.64,71,4095,4.3
82,61b23629c6b7e6fe9d4bfdee,00:25.2,2.64,71,4095,4.3
83,61b23adcc6b7e6fe9d4bfdef,20:28.6,2.64,71,4095,4.3
84,61b23f8cc6b7e6fe9d4bfdf0,40:29.0,2.75,71,4095,4.4
85,61b2443dc6b7e6fe9d4bfdf1,00:29.3,2.83,70,4095,4.5
86,61b248edc6b7e6fe9d4bfdf2,20:29.7,2.94,70,4095,4.6
87,61b24d80c6b7e6fe9d4bfdf3,40:00.1,3.14,69,4095,4.8
88,61b25230c6b7e6fe9d4bfdf4,00:00.4,3.14,69,4095,4.8
89,61b256e0c6b7e6fe9d4bfdf5,20:00.8,3.25,69,4095,4.9
90,61b25b91c6b7e6fe9d4bfdf6,40:01.2,3.11,68,4095,4.8
91,61b26041c6b7e6fe9d4bfdf7,00:01.5,3.33,68,4095,5
92,61b264f2c6b7e6fe9d4bfdf8,20:02.0,3.44,68,4095,5.1
93,61b269a2c6b7e6fe9d4bfdf9,40:02.4,3.55,68,4095,5.2
94,61b26e52c6b7e6fe9d4bfdfa,00:02.7,3.44,68,4095,5.1
95,61b27303c6b7e6fe9d4bfdfb,20:03.1,3.55,68,4095,5.2
96,61b277b3c6b7e6fe9d4bfdfc,40:03.9,3.88,68,4095,5.5
97,61b27c64c6b7e6fe9d4bfdfd,00:04.5,3.85,67,4095,5.5
98,61b28114c6b7e6fe9d4bfdfe,20:04.9,4.12,64,4095,5.9
99,61b285c5c6b7e6fe9d4bfdff,40:05.3,4.05,66,4095,5.7
100,61b28a75c6b7e6fe9d4bfe00,00:05.9,4.18,67,4095,5.8
101,61b28f26c6b7e6fe9d4bfe01,20:06.3,4.49,66,4095,6.1
102,61b293d6c6b7e6fe9d4bfe02,40:06.9,4.79,65,4095,6.4
103,61b29887c6b7e6fe9d4bfe03,00:07.4,5.12,65,4095,6.7
104,61b29d37c6b7e6fe9d4bfe04,20:07.8,5.51,63,4095,7.1
105,61b2a1e8c6b7e6fe9d4bfe05,40:08.2,6.2,60,4095,7.8
106,61b2a698c6b7e6fe9d4bfe06,00:08.6,6.01,57,4095,7.7
107,61b2ab48c6b7e6fe9d4bfe07,20:09.0,6.12,57,4095,7.8
108,61b2aff9c6b7e6fe9d4bfe08,40:09.4,6.56,57,4095,8.2
109,61b2b4a9c6b7e6fe9d4bfe09,00:09.8,6.32,56,4095,8
110,61b2b95ac6b7e6fe9d4bfe0a,20:10.1,6.32,56,4095,8
111,61b2be0ac6b7e6fe9d4bfe0b,40:10.6,6.73,55,4095,8.4
112,61b2c2bac6b7e6fe9d4bfe0c,00:10.9,6.62,55,4095,8.3
113,61b2c76bc6b7e6fe9d4bfe0d,20:11.5,6.82,54,4095,8.5
114,61b2cc1bc6b7e6fe9d4bfe0e,40:11.8,6.76,56,4095,8.4
115,61b2d0ccc6b7e6fe9d4bfe0f,00:12.1,6.54,56,4095,8.2
116,61b2d57cc6b7e6fe9d4bfe10,20:12.5,6.54,56,4095,8.2
117,61b2da2cc6b7e6fe9d4bfe11,40:12.9,6.43,56,4095,8.1
118,61b2deddc6b7e6fe9d4bfe12,00:13.3,6.23,57,4095,7.9
119,61b2e398c6b7e6fe9d4bfe13,20:24.3,6.34,57,4095,8
120,61b2e848c6b7e6fe9d4bfe14,40:24.8,6.23,57,4095,7.9
121,61b2ecf9c6b7e6fe9d4bfe15,00:25.2,6.34,57,4095,8
122,61b2f1a9c6b7e6fe9d4bfe16,20:25.6,6.29,59,4095,7.9
123,61b2f659c6b7e6fe9d4bfe17,40:26.0,7.53,56,4095,9.1
124,61b2fb0ac6b7e6fe9d4bfe18,00:26.4,7.2,56,4095,8.8
125,61b2ffbac6b7e6fe9d4bfe19,20:26.7,7.11,57,4095,8.7
126,61b3046bc6b7e6fe9d4bfe1a,40:27.1,7.33,57,4095,8.9
127,61b3091bc6b7e6fe9d4bfe1b,00:27.6,8,54,4095,9.5
128,61b30db4c6b7e6fe9d4bfe1c,20:04.2,7.61,55,4095,9.2
129,61b31264c6b7e6fe9d4bfe1d,40:04.6,8.05,55,4095,9.6
130,61b31714c6b7e6fe9d4bfe1e,00:05.0,5.76,60,4095,7.4
131,61b31bc5c6b7e6fe9d4bfe1f,20:05.9,5.62,63,4095,7.2
132,61b32076c6b7e6fe9d4bfe20,40:06.3,5.43,64,4095,7
133,61b32526c6b7e6fe9d4bfe21,00:06.6,5.54,64,4095,7.1
134,61b329d9c6b7e6fe9d4bfe22,20:09.1,5.62,63,4095,7.2
135,61b32e89c6b7e6fe9d4bfe23,40:09.4,5.54,64,4095,7.1
136,61b33339c6b7e6fe9d4bfe24,00:09.7,5.43,64,4095,7
137,61b337eac6b7e6fe9d4bfe25,20:10.0,5.34,65,4095,6.9
138,61b33c9ac6b7e6fe9d4bfe26,40:10.3,5.34,65,4095,6.9
139,61b3414ac6b7e6fe9d4bfe27,00:10.7,5.48,66,2448,7
140,61b345fbc6b7e6fe9d4bfe28,20:11.1,5.5,67,4095,7
141,61b34aabc6b7e6fe9d4bfe29,40:11.5,5.53,68,4095,7
142,61b34f5bc6b7e6fe9d4bfe2a,00:12.0,8.01,66,4095,9.3
143,61b3540cc6b7e6fe9d4bfe2b,20:12.4,8.65,61,4095,10
144,61b358bcc6b7e6fe9d4bfe2c,40:12.8,8.4,60,4095,9.8
145,61b35d6ec6b7e6fe9d4bfe2d,00:14.7,7.66,61,4095,9.1
146,61b3621fc6b7e6fe9d4bfe2e,20:15.1,8.18,60,4095,9.6
147,61b366cfc6b7e6fe9d4bfe2f,40:15.5,8.32,61,4095,9.7
148,61b36b7fc6b7e6fe9d4bfe30,00:15.9,7.48,67,4095,8.8
149,61b37030c6b7e6fe9d4bfe31,20:16.3,7.73,72,3993,8.9
150,61b374e0c6b7e6fe9d4bfe32,40:16.6,7.62,72,2441,8.8
151,61b37991c6b7e6fe9d4bfe33,00:17.0,8.11,74,2081,9.2
152,61b37e41c6b7e6fe9d4bfe34,20:17.5,8.41,73,2119,9.5
153,61b382f1c6b7e6fe9d4bfe35,40:17.8,7.89,74,2478,9
154,61b387a2c6b7e6fe9d4bfe36,00:18.4,6.54,77,3502,7.7
155,61b38c52c6b7e6fe9d4bfe37,20:18.7,6.5,80,4095,7.6
156,61b39103c6b7e6fe9d4bfe38,40:19.1,6.53,81,4095,7.6
157,61b395b3c6b7e6fe9d4bfe39,00:19.4,6.64,81,4095,7.7
158,61b39a63c6b7e6fe9d4bfe3a,20:19.8,6.75,81,4095,7.8
159,61b39f14c6b7e6fe9d4bfe3b,40:20.4,6.78,82,2578,7.8
160,61b3a3c4c6b7e6fe9d4bfe3c,00:20.8,6.69,83,1789,7.7
161,61b3a875c6b7e6fe9d4bfe3d,20:21.1,6.63,85,1785,7.6
162,61b3ad25c6b7e6fe9d4bfe3e,40:21.5,6.74,85,1949,7.7
163,61b3b1d5c6b7e6fe9d4bfe3f,00:21.8,6.88,86,1481,7.8
164,61b3b686c6b7e6fe9d4bfe40,20:22.2,6.88,86,1686,7.8
165,61b3bb36c6b7e6fe9d4bfe41,40:22.5,6.85,85,2210,7.8
166,61b3bfe6c6b7e6fe9d4bfe42,00:22.9,6.96,85,2281,7.9
167,61b3c497c6b7e6fe9d4bfe43,20:23.2,6.96,85,2385,7.9
168,61b3c947c6b7e6fe9d4bfe44,40:23.6,7.1,86,2686,8
169,61b3cdf7c6b7e6fe9d4bfe45,00:23.9,7.1,86,2303,8
170,61b3d2a8c6b7e6fe9d4bfe46,20:24.3,7.1,86,2250,8
171,61b3d758c6b7e6fe9d4bfe47,40:24.7,7.21,86,2516,8.1
172,61b3dc08c6b7e6fe9d4bfe48,00:24.9,7.87,86,2838,8.7
173,61b3e0b9c6b7e6fe9d4bfe49,20:25.2,7.73,85,2132,8.6
174,61b3e569c6b7e6fe9d4bfe4a,40:25.6,7.95,85,3126,8.8
175,61b3ea19c6b7e6fe9d4bfe4b,00:26.0,8.76,82,3298,9.6
176,61b3eecac6b7e6fe9d4bfe4c,20:26.3,9.14,80,2935,10
177,61b3f37ac6b7e6fe9d4bfe4d,40:26.6,8.02,79,1591,9
178,61b3f82ac6b7e6fe9d4bfe4e,00:27.0,9.01,79,1211,9.9
179,61b3fcdbc6b7e6fe9d4bfe4f,20:27.3,7.44,82,4095,8.4
180,61b4018bc6b7e6fe9d4bfe50,40:27.7,8.1,85,3909,10.2
181,61b4063cc6b7e6fe9d4bfe51,00:28.1,8.08,77,3860,9.1
182,61b40aecc6b7e6fe9d4bfe52,20:28.5,7.46,83,3056,8.4
183,61b40f9cc6b7e6fe9d4bfe53,40:28.8,7.32,86,1581,8.2
184,61b4144dc6b7e6fe9d4bfe54,00:29.2,7.21,86,1628,8.1
185,61b418fdc6b7e6fe9d4bfe55,20:29.5,7.21,86,3115,8.1
186,61b41dadc6b7e6fe9d4bfe56,40:29.9,7.1,86,2304,8
187,61b42240c6b7e6fe9d4bfe57,00:00.2,7.07,85,1826,8
188,61b426f0c6b7e6fe9d4bfe58,20:00.6,6.8,83,2512,7.8
189,61b42ba1c6b7e6fe9d4bfe59,40:01.0,6.74,85,3115,7.7
190,61b43051c6b7e6fe9d4bfe5a,00:01.4,6.63,85,3008,7.6
191,61b43501c6b7e6fe9d4bfe5b,20:01.8,6.66,86,2480,7.6
192,61b439b2c6b7e6fe9d4bfe5c,40:02.1,6.55,86,2967,7.5
193,61b43e62c6b7e6fe9d4bfe5d,00:02.5,6.44,86,3409,7.4
194,61b44312c6b7e6fe9d4bfe5e,20:02.8,6.41,85,3581,7.4
195,61b447c3c6b7e6fe9d4bfe5f,40:03.2,6.14,83,3551,7.2
196,61b44c73c6b7e6fe9d4bfe60,00:03.6,6.03,83,3404,7.1
197,61b45123c6b7e6fe9d4bfe61,20:03.9,6.03,83,3745,7.1
198,61b495e22d7246f1032776c2,40:16.9,5.92,83,3756,7
199,61b4977a482dfa75a2570fe3,20:10.7,6.22,65,4095,7.7
200,61b49c2b482dfa75a2570ff4,40:11.1,6.22,65,4095,7.7
201,61b4a0db482dfa75a2570ff5,00:11.5,6.22,65,4095,7.7
202,61b4a58b482dfa75a2570ff6,20:11.8,6.22,65,4095,7.7
203,61b4aa3c482dfa75a2570ff7,40:12.2,7.2,68,4095,7.9
204,61b4aeec482dfa75a2570ff8,00:12.6,7.3,58,4095,8.2
205,61b4b39c482dfa75a2570ff9,20:12.9,7.2,61,4095,8.4
206,61b4b84d482dfa75a2570ffa,40:13.2,6.77,65,4095,8.2
207,61b4bcfd482dfa75a2570ffb,00:13.6,6.63,68,4095,8
208,61b4bdfe2d7246f1032776cc,00:27.5,5.98,83,3900,7.1
209,61b4bea42d7246f1032776cd,20:12.1,6.03,83,3923,7.1
210,61b4bf142d7246f1032776ce,40:34.1,6.33,81,3943,7.2
211,61b4c1ad482dfa75a2570fff,20:13.9,6.9,70,4095,8.2
212,61b4c65e482dfa75a2570ff0,40:14.2,6.93,71,4095,8.2
213,61b4cb0e482dfa75a2570ff1,00:14.6,6.96,72,4095,8.2
214,61b4caf12d7246f1032776c2,00:18.3,6.5,78,3928,7.2
215,61b4cb7b2d7246f1032776c3,20:18.3,6.8,75,3970,7.3
216,61b4ce302d7246f1032776ca,40:06.2,6.31,73,3970,7.3
217,61b4cfbf482dfa75a2570ffb,20:15.0,6.96,72,4095,8.2
218,61b4d46f482dfa75a2570ffc,40:15.4,7.07,72,4095,8.3
219,61b4d91f482dfa75a2570ffd,00:15.8,6.87,73,4095,8.1
220,61b4ddd0482dfa75a2570ffe,20:16.2,6.81,75,4095,8
221,61b4e280482dfa75a2570fff,40:16.5,6.62,76,2769,7.8
222,61b4e730482dfa75a2571000,00:16.9,6.51,76,2699,7.7
223,61b4ebe1482dfa75a2571001,20:17.3,6.62,76,4095,7.8
224,61b4f091482dfa75a2571002,40:17.6,6.54,77,4095,7.7
225,61b4f542482dfa75a2571003,00:18.0,6.43,77,4095,7.6
226,61b4f9f2482dfa75a2571004,20:18.4,6.48,79,4095,7.6
227,61b4fea2482dfa75a2571005,40:18.8,6.48,79,4095,7.6
228,61b50353482dfa75a2571006,00:19.1,6.61,80,4095,7.7
229,61b50803482dfa75a2571007,20:19.5,6.61,80,4095,7.7
230,61b50cb3482dfa75a2571008,40:19.9,6.61,80,4095,7.7
231,61b51164482dfa75a2571009,00:20.2,6.75,81,4095,7.8
232,61b51614482dfa75a257100a,20:20.6,6.75,81,4095,7.8
233,61b51ac4482dfa75a257100b,40:21.0,6.78,82,4095,7.8
234,61b51f75482dfa75a257100c,00:21.4,6.78,82,4033,7.8
235,61b52425482dfa75a257100d,20:21.8,6.8,83,2763,7.8
236,61b528d6482dfa75a257100e,40:22.1,6.8,83,2933,7.8
237,61b52d86482dfa75a257100f,00:22.4,6.85,85,3158,7.8
238,61b53236482dfa75a2571010,20:22.9,6.85,85,1486,7.8
239,61b536e7482dfa75a2571011,40:23.3,6.99,86,1328,7.9
240,61b53b97482dfa75a2571012,00:23.6,7.1,86,2034,8
241,61b54048482dfa75a2571013,20:24.0,7.21,86,1678,8.1
242,61b544f8482dfa75a2571014,40:24.4,7.32,86,1653,8.2
243,61b549a8482dfa75a2571015,00:24.7,7.57,87,1673,8.4
244,61b54e59482dfa75a2571016,20:25.0,7.46,87,1751,8.3
245,61b55309482dfa75a2571017,40:25.4,7.57,87,1722,8.4
246,61b557b9482dfa75a2571018,00:25.8,7.68,87,1712,8.5
247,61b55c6a482dfa75a2571019,20:26.4,7.79,87,1690,8.6
248,61b5611a482dfa75a257101a,40:26.8,7.9,87,1589,8.7
249,61b565cb482dfa75a257101b,00:27.1,8.01,87,1797,8.8
250,61b56a7b482dfa75a257101c,20:27.5,8.12,87,1426,8.9
251,61b56f2b482dfa75a257101d,40:27.9,8.34,87,1488,9.1
252,61b573dc482dfa75a257101e,00:28.2,8.45,87,2375,9.2
253,61b5788c482dfa75a257101f,20:28.6,8.56,87,2151,9.3
254,61b57d3c482dfa75a2571020,40:28.9,8.8,88,2031,9.5
255,61b581ed482dfa75a2571021,00:29.4,8.91,88,2141,9.6
256,61b5869d482dfa75a2571022,20:29.8,8.91,88,2125,9.6
257,61b58b30482dfa75a2571023,40:00.1,8.91,88,2265,9.6
258,61b58fe0482dfa75a2571024,00:00.5,9.02,88,2307,9.7
259,61b59490482dfa75a2571025,20:00.9,9.13,88,2406,9.8
260,61b59941482dfa75a2571026,40:01.3,9.13,88,2318,9.8
261,61b59df1482dfa75a2571027,00:01.7,9.24,88,2181,9.9
262,61b5a2a2482dfa75a2571028,20:02.0,9.24,88,2138,9.9
263,61b5a752482dfa75a2571029,40:02.4,9.35,88,2195,10
264,61b5ac02482dfa75a257102a,00:02.8,9.46,88,2171,10.1
265,61b5b0b3482dfa75a257102b,20:03.2,9.46,88,2163,10.1
266,61b5b563482dfa75a257102c,40:03.6,9.46,88,2137,10.1
267,61b5ba13482dfa75a257102d,00:04.0,9.68,88,2109,10.3
268,61b5bec4482dfa75a257102e,20:04.4,9.68,88,2077,10.3
269,61b5c374482dfa75a257102f,40:04.8,9.79,88,2039,10.4
270,61b5c825482dfa75a2571030,00:05.2,9.79,88,2032,10.4
271,61b5ccd6482dfa75a2571031,20:06.1,9.9,88,2030,10.5
272,61b5d186482dfa75a2571032,40:06.3,9.79,88,2011,10.4
273,61b5d637482dfa75a2571033,00:07.2,9.79,88,1995,10.4
274,61b5dae7482dfa75a2571034,20:07.6,9.79,88,1837,10.4
275,61b5df98482dfa75a2571035,40:08.0,9.9,88,2010,10.5
276,61b5e448482dfa75a2571036,00:08.4,9.79,88,2034,10.4
277,61b5e90e482dfa75a2571037,20:30.0,9.9,88,2042,10.5
278,61b5eda0482dfa75a2571038,40:00.4,10.01,88,1823,10.6
279,61b5f250482dfa75a2571039,00:00.9,10.01,88,1973,10.6
280,61b5f701482dfa75a257103a,20:01.3,10.01,88,2323,10.6
281,61b5fbb1482dfa75a257103b,40:01.8,9.99,87,2559,10.6
282,61b60062482dfa75a257103c,00:02.1,10.1,87,2860,10.7
283,61b62f467b84dc5bd1f4e0c3,20:06.2,11.51,82,4095,12.1
284,61b633f77b84dc5bd1f4e0c4,40:07.3,12.22,80,4095,12.8
285,61b638a77b84dc5bd1f4e0c5,00:07.7,11.87,79,4095,12.5
286,61b63d587b84dc5bd1f4e0c6,20:08.1,12.2,79,4095,12.8
287,61b642087b84dc5bd1f4e0c7,40:08.8,11.54,79,4095,12.2
288,61b646b97b84dc5bd1f4e0c8,00:09.1,11.34,80,4095,12
289,61b64b697b84dc5bd1f4e0c9,20:09.5,11.23,80,4095,11.9
290,61b650197b84dc5bd1f4e0ca,40:09.9,11.34,80,4095,12
291,61b654ca7b84dc5bd1f4e0cb,00:10.3,11.34,80,4095,12
292,61b6597a7b84dc5bd1f4e0cc,20:10.7,11.23,80,4095,11.9
293,61b65e2b7b84dc5bd1f4e0cd,40:11.4,11.1,79,4095,11.8
294,61b662db7b84dc5bd1f4e0ce,00:11.7,11.1,79,4095,11.8
295,61b6678c7b84dc5bd1f4e0cf,20:12.5,11.1,79,4095,11.8
296,61b66c3c7b84dc5bd1f4e0d0,40:12.9,10.99,79,4095,11.7
297,61b670ed7b84dc5bd1f4e0d1,00:13.3,10.99,79,4095,11.7
298,61b6759d7b84dc5bd1f4e0d2,20:13.7,10.96,78,4095,11.7
299,61b67a4e7b84dc5bd1f4e0d3,40:14.2,10.85,78,4095,11.6
300,61b67efe7b84dc5bd1f4e0d4,00:14.5,10.74,78,4095,11.5
301,61b683ae7b84dc5bd1f4e0d5,20:14.9,10.88,79,4095,11.6
302,61b6885f7b84dc5bd1f4e0d6,40:15.2,10.96,78,4095,11.7
303,61b68d0f7b84dc5bd1f4e0d7,00:15.6,10.8,76,4095,11.6
304,61b691bf7b84dc5bd1f4e0d8,20:15.9,10.8,76,4095,11.6
305,61b696707b84dc5bd1f4e0d9,40:16.2,10.8,76,4095,11.6
306,61b69b207b84dc5bd1f4e0da,00:16.6,10.8,76,4095,11.6
307,61b69fd17b84dc5bd1f4e0db,20:17.0,10.69,76,4095,11.5
308,61b6a4817b84dc5bd1f4e0dc,40:17.3,10.8,76,4095,11.6
309,61b6a9317b84dc5bd1f4e0dd,00:17.8,10.8,76,4095,11.6
310,61b6ade27b84dc5bd1f4e0de,20:18.1,10.8,76,4095,11.6
311,61b6b2927b84dc5bd1f4e0df,40:18.5,10.8,76,4095,11.6
312,61b6b7427b84dc5bd1f4e0e0,00:18.8,10.88,75,4095,11.7
313,61b6bbf37b84dc5bd1f4e0e1,20:19.1,10.99,75,4095,11.8
314,61b6c0a37b84dc5bd1f4e0e2,40:19.5,10.88,75,4095,11.7
315,61b6c5537b84dc5bd1f4e0e3,00:19.9,10.99,75,4095,11.8
316,61b6ca047b84dc5bd1f4e0e4,20:20.3,11.08,74,4095,11.9
317,61b6ceb47b84dc5bd1f4e0e5,40:20.7,11.08,74,4095,11.9
318,61b6d3657b84dc5bd1f4e0e6,00:21.1,10.97,74,4095,11.8
319,61b6d8157b84dc5bd1f4e0e7,20:21.5,10.97,74,4095,11.8
320,61b6dcc57b84dc5bd1f4e0e8,40:21.8,10.97,74,4095,11.8
321,61b6e1767b84dc5bd1f4e0e9,00:22.1,10.77,75,4095,11.6
322,61b6e6267b84dc5bd1f4e0ea,20:22.4,10.77,75,4095,11.6
323,61b6ead67b84dc5bd1f4e0eb,40:22.8,10.77,75,4095,11.6
324,61b6ef877b84dc5bd1f4e0ec,00:23.2,10.77,75,4095,11.6
325,61b6f4377b84dc5bd1f4e0ed,20:23.5,10.77,75,4095,11.6
326,61b6f8e77b84dc5bd1f4e0ee,40:23.9,10.66,75,4095,11.5
327,61b6fd987b84dc5bd1f4e0ef,00:24.2,10.69,76,4095,11.5
328,61b702487b84dc5bd1f4e0f0,20:24.6,10.58,76,4095,11.4
329,61b706f97b84dc5bd1f4e0f1,40:25.0,10.47,76,4095,11.3
330,61b70ba97b84dc5bd1f4e0f2,00:25.6,10.41,78,4095,11.2
331,61b7105a7b84dc5bd1f4e0f3,20:26.1,10.33,79,4095,11.1
332,61b7150a7b84dc5bd1f4e0f4,40:26.4,10.33,79,4095,11.1
333,61b719ba7b84dc5bd1f4e0f5,00:26.7,10.13,80,4095,10.9
334,61b71e6b7b84dc5bd1f4e0f6,20:27.1,9.94,81,4095,10.7
335,61b7231b7b84dc5bd1f4e0f7,40:27.5,10.05,81,4095,10.8
336,61b727cb7b84dc5bd1f4e0f8,00:27.9,10.16,81,4095,10.9
337,61b72c7c7b84dc5bd1f4e0f9,20:28.3,10.05,81,4095,10.8
338,61b7312c7b84dc5bd1f4e0fa,40:28.6,9.77,83,4095,10.5
339,61b735dc7b84dc5bd1f4e0fb,00:29.0,9.66,83,4095,10.4
340,61b73a8d7b84dc5bd1f4e0fc,20:29.3,9.49,85,4095,10.2
341,61b73f3d7b84dc5bd1f4e0fd,40:29.7,9.6,85,4095,10.3
342,61b743d07b84dc5bd1f4e0fe,00:00.0,9.71,85,4095,10.4
343,61b748807b84dc5bd1f4e0ff,20:00.4,9.77,83,4095,10.5
344,61b74d317b84dc5bd1f4e100,40:01.2,9.97,82,4095,10.7
345,61b751e37b84dc5bd1f4e101,00:03.0,10.08,82,4095,10.8
346,61b756937b84dc5bd1f4e102,20:03.4,10.08,82,4095,10.8
347,61b75b437b84dc5bd1f4e103,40:03.8,9.97,82,4095,10.7
348,61b75ff47b84dc5bd1f4e104,00:04.1,10.08,82,4095,10.8
349,61b764a47b84dc5bd1f4e105,20:04.5,9.97,82,4095,10.7
350,61b769547b84dc5bd1f4e106,40:04.8,9.75,82,4095,10.5
351,61b76e057b84dc5bd1f4e107,00:05.1,9.86,82,4095,10.6
352,61b772b57b84dc5bd1f4e108,20:05.5,9.86,82,4095,10.6
353,61b777657b84dc5bd1f4e109,40:05.9,9.86,82,4095,10.6
354,61b77c167b84dc5bd1f4e10a,00:06.2,9.64,82,4095,10.4
355,61b780c67b84dc5bd1f4e10b,20:06.5,9.42,82,4095,10.2
356,61b785767b84dc5bd1f4e10c,40:06.9,9.33,83,4095,10.1
357,61b78a277b84dc5bd1f4e10d,00:07.3,9.33,83,4095,10.1
358,61b78ed77b84dc5bd1f4e10e,20:07.7,9.77,83,4095,10.5
359,61b793887b84dc5bd1f4e10f,40:08.0,9.75,82,4095,10.5
360,61b798387b84dc5bd1f4e110,00:08.4,9.64,82,4095,10.4
361,61b79ce87b84dc5bd1f4e111,20:08.7,9.88,83,4095,10.6
362,61b7a1997b84dc5bd1f4e112,40:09.0,9.88,83,4095,10.6
363,61b7a6497b84dc5bd1f4e113,00:09.4,9.99,83,4095,10.7
364,61b7aaf97b84dc5bd1f4e114,20:09.8,10.1,83,4095,10.8
365,61b7afaa7b84dc5bd1f4e115,40:10.1,10.1,83,4095,10.8
366,61b7b45a7b84dc5bd1f4e116,00:10.5,10.1,83,4095,10.8
367,61b7b90b7b84dc5bd1f4e117,20:11.0,10.21,83,4095,10.9
368,61b7bdbb7b84dc5bd1f4e118,40:11.5,10.21,83,4095,10.9
369,61b7c26b7b84dc5bd1f4e119,00:11.8,10.1,83,4095,10.8
370,61b7c71c7b84dc5bd1f4e11a,20:12.2,9.82,85,4095,10.5
371,61b7cbcc7b84dc5bd1f4e11b,40:12.5,9.93,85,4095,10.6
372,61b7d07c7b84dc5bd1f4e11c,00:12.9,10.04,85,4095,10.7
373,61b7d52d7b84dc5bd1f4e11d,20:13.3,9.96,86,4095,10.6
374,61b7d9dd7b84dc5bd1f4e11e,40:13.6,9.96,86,4095,10.6
375,61b7de8d7b84dc5bd1f4e11f,00:14.0,10.21,87,4095,10.8
376,61b7e33e7b84dc5bd1f4e120,20:14.3,10.21,87,4095,10.8
377,61b7e7ee7b84dc5bd1f4e121,40:14.7,10.21,87,4095,10.8
378,61b7ec9f7b84dc5bd1f4e122,00:15.1,10.29,86,4095,10.9
379,61b7f14f7b84dc5bd1f4e123,20:15.5,10.48,85,4095,11.1
380,61b7f5ff7b84dc5bd1f4e124,40:15.8,10.57,84,4095,11.2
381,61b7fab07b84dc5bd1f4e125,00:16.1,10.74,82,4095,11.4
382,61b7ff607b84dc5bd1f4e126,20:16.6,10.71,81,4095,11.4
383,61b804117b84dc5bd1f4e127,40:17.1,10.9,80,4095,11.6
384,61b808c17b84dc5bd1f4e128,00:17.5,10.88,79,4095,11.6
385,61b80d717b84dc5bd1f4e129,20:17.9,11.07,78,4095,11.8
386,61b812227b84dc5bd1f4e12a,40:18.2,11.07,78,4095,11.8
387,61b816d27b84dc5bd1f4e12b,00:18.6,11.02,76,4095,11.8
388,61b81b827b84dc5bd1f4e12c,20:18.9,11.02,76,4095,11.8
389,61b820337b84dc5bd1f4e12d,40:19.3,11.02,76,4095,11.8
390,61b824e37b84dc5bd1f4e12e,00:19.7,11.13,76,4095,11.9
391,61b829947b84dc5bd1f4e12f,20:20.0,11.32,75,4095,12.1
392,61b82e447b84dc5bd1f4e130,40:20.4,11.19,74,4095,12
393,61b832f47b84dc5bd1f4e131,00:20.7,11.27,73,4095,12.1
394,61b837a57b84dc5bd1f4e132,20:21.1,11.27,73,4095,12.1
395,61b83c557b84dc5bd1f4e133,40:21.4,10.97,74,4095,11.8
396,61b841057b84dc5bd1f4e134,00:21.8,10.66,75,4095,11.5
397,61b845b67b84dc5bd1f4e135,20:22.1,10.69,76,4095,11.5
398,61b84a667b84dc5bd1f4e136,40:22.5,10.91,76,4095,11.7
399,61b84f167b84dc5bd1f4e137,00:22.9,11.02,76,4095,11.8
400,61b853c77b84dc5bd1f4e138,20:23.2,11.13,76,4095,11.9
401,61b858777b84dc5bd1f4e139,40:23.6,10.99,75,4095,11.8
402,61b85d287b84dc5bd1f4e13a,00:24.0,10.99,75,4095,11.8
403,61b861d87b84dc5bd1f4e13b,20:24.4,11.08,74,4095,11.9
404,61b866887b84dc5bd1f4e13c,40:24.8,10.97,74,4095,11.8
405,61b86b397b84dc5bd1f4e13d,00:25.2,10.69,76,4095,11.5
406,61b86fe97b84dc5bd1f4e13e,20:25.5,10.63,78,4095,11.4
407,61b874997b84dc5bd1f4e13f,40:26.0,10.55,79,4095,11.3
408,61b8794a7b84dc5bd1f4e140,00:26.3,10.6,81,4095,11.3
409,61b87dfa7b84dc5bd1f4e141,20:26.7,10.49,81,4095,11.2
410,61b882ab7b84dc5bd1f4e142,40:27.1,10.49,81,4095,11.2
411,61b8875b7b84dc5bd1f4e143,00:27.6,10.6,81,4095,11.3
412,61b88c0c7b84dc5bd1f4e144,20:28.1,10.55,79,4095,11.3
413,61b890bc7b84dc5bd1f4e145,40:28.4,10.44,79,4095,11.2
414,61b8956c7b84dc5bd1f4e146,00:28.7,10.52,78,4095,11.3
415,61b89a1d7b84dc5bd1f4e147,20:29.1,10.52,78,4095,11.3
416,61b89ecd7b84dc5bd1f4e148,40:29.4,10.52,78,4095,11.3
417,61b8a37d7b84dc5bd1f4e149,00:29.7,10.3,78,4095,11.1
418,61b8a8107b84dc5bd1f4e14a,20:00.0,10.25,76,4095,11.1
419,61b8acc07b84dc5bd1f4e14b,40:00.4,10.25,76,4095,11.1
420,61b8b1707b84dc5bd1f4e14c,00:00.7,10.14,76,4095,11
421,61b8b6217b84dc5bd1f4e14d,20:01.1,10.3,78,4095,11.1
422,61b8bad17b84dc5bd1f4e14e,40:01.4,10.19,78,4095,11
423,61b8bf827b84dc5bd1f4e14f,00:02.1,10.13,80,4095,10.9
424,61b8c4327b84dc5bd1f4e150,20:02.4,10.02,80,4095,10.8
425,61b8c8e27b84dc5bd1f4e151,40:02.8,10.02,80,4095,10.8
426,61b8cd937b84dc5bd1f4e152,00:03.2,9.89,79,4095,10.7
427,61b8d2437b84dc5bd1f4e153,20:03.6,9.89,79,4095,10.7
428,61b8d6f37b84dc5bd1f4e154,40:03.9,9.62,77,4095,10.5
429,61b8dba47b84dc5bd1f4e155,00:04.3,9.84,77,4095,10.7
430,61b8e0547b84dc5bd1f4e156,20:04.7,9.92,76,4095,10.8
431,61b8e5057b84dc5bd1f4e157,40:05.0,9.92,76,4095,10.8
432,61b8e9b57b84dc5bd1f4e158,00:05.4,9.7,76,4095,10.6
433,61b8ee657b84dc5bd1f4e159,20:05.7,9.7,76,4095,10.6
434,61b8f3167b84dc5bd1f4e15a,40:06.1,9.51,77,4095,10.4
435,61b8f7c67b84dc5bd1f4e15b,00:06.4,9.29,77,4095,10.2
436,61b8fc767b84dc5bd1f4e15c,20:06.8,9.4,77,4095,10.3
437,61b901277b84dc5bd1f4e15d,40:07.2,9.51,77,4095,10.4
438,61b905d77b84dc5bd1f4e15e,00:07.5,9.4,77,4095,10.3
439,61b90a877b84dc5bd1f4e15f,20:07.9,9.4,77,4095,10.3
440,61b90f387b84dc5bd1f4e160,40:08.3,9.4,77,4095,10.3
441,61b913e87b84dc5bd1f4e161,00:08.7,9.4,77,4095,10.3
442,61b918997b84dc5bd1f4e162,20:09.0,9.29,77,4095,10.2
443,61b91d497b84dc5bd1f4e163,40:09.4,9.29,77,4095,10.2
444,61b921f97b84dc5bd1f4e164,00:09.8,9.29,77,4095,10.2
445,61b926aa7b84dc5bd1f4e165,20:10.2,9.29,77,4095,10.2
446,61b92b5a7b84dc5bd1f4e166,40:10.9,9.18,77,4095,10.1
447,61b9300b7b84dc5bd1f4e167,00:11.4,9.18,77,4095,10.1
448,61b934bb7b84dc5bd1f4e168,20:11.7,9.18,77,4095,10.1
449,61b935ced0094ae4310b0cd3,00:06.2,6.31,73,3970,7.3
450,61b935f3d0094ae4310b0cd4,20:13.2,6.62,75,3910,7.4
451,61b93626d0094ae4310b0cd5,40:24.8,6.62,75,4095,7.4
452,61b93653d0094ae4310b0cd6,00:16.6,6.72,73,4095,7.5
453,61b93690d0094ae4310b0cd7,20:09.5,6.32,70,4095,7.7
454,61b936ced0094ae4310b0cd8,40:18.3,6.28,68,4095,7.6
455,61b936f8d0094ae4310b0cd9,00:23.0,6.27,66,4095,7.6
456,61b93753d0094ae4310b0cda,20:18.3,10.3,89,2872,11
457,61b9379ad0094ae4310b0cdb,40:23.7,10.5,87,2934,11.3
458,61b938c9d0094ae4310b0cdc,00:12.5,10.9,85,3134,11.5
459,61b9396c7b84dc5bd1f4e16d,40:12.1,9.18,77,4095,10.1
460,61b93964d0094ae4310b0cde,20:03.3,10.7,83,4095,11.4
461,61b939b6d0094ae4310b0cdf,40:28.6,10.5,85,4095,11.2
462,61b93b51d0094ae4310b0ce0,00:02.3,11.1,85,4095,11.7
463,61b93b81d0094ae4310b0ce1,20:21.8,11.3,83,4095,12
464,61b93bdfd0094ae4310b0ce2,40:14.1,11.78,86,4095,12.2
465,61b93c24d0094ae4310b0ce3,00:14.1,11.75,84,4095,12.5
466,61b93e1c7b84dc5bd1f4e16a,00:12.4,9.18,77,4095,10.1
467,61b942cc7b84dc5bd1f4e16b,20:12.8,9.18,77,4095,10.1
468,61b9477d7b84dc5bd1f4e16c,40:13.1,9.18,77,4095,10.1
469,61b94c2d7b84dc5bd1f4e16d,00:13.5,9.18,77,4095,10.1
470,61b950dd7b84dc5bd1f4e16e,20:13.9,9.07,77,4095,10
471,61b9558e7b84dc5bd1f4e16f,40:14.3,9.18,77,4095,10.1
472,61b95a3e7b84dc5bd1f4e170,00:14.7,8.96,77,4095,9.9
473,61b95eef7b84dc5bd1f4e171,20:15.1,8.85,77,4095,9.8
474,61b9639f7b84dc5bd1f4e172,40:15.5,9.01,79,4095,9.9
475,61b9684f7b84dc5bd1f4e173,00:15.8,8.96,77,4095,9.9
476,61b96d007b84dc5bd1f4e174,20:16.2,8.96,77,4095,9.9
477,61b971b07b84dc5bd1f4e175,40:16.6,8.9,79,4095,9.8
478,61b976607b84dc5bd1f4e176,00:16.9,8.68,79,4095,9.6
479,61b97b117b84dc5bd1f4e177,20:17.3,8.59,80,4095,9.5
480,61b97fc17b84dc5bd1f4e178,40:17.7,9.14,80,4095,10
481,61b984727b84dc5bd1f4e179,00:18.2,9.62,77,4095,10.5
482,61b989227b84dc5bd1f4e17a,20:18.6,9.62,77,4095,10.5
483,61b98dd27b84dc5bd1f4e17b,40:18.9,9.34,79,4095,10.2
484,61b992837b84dc5bd1f4e17c,00:19.3,9.23,79,4095,10.1
485,61b997337b84dc5bd1f4e17d,20:19.6,9.34,79,4095,10.2
486,61b99be47b84dc5bd1f4e17e,40:20.1,9.03,80,4095,9.9
487,61b9a0947b84dc5bd1f4e17f,00:20.4,9.06,81,4095,9.9
488,61b9a5447b84dc5bd1f4e180,20:20.7,8.95,81,4095,9.8
489,61b9a9f57b84dc5bd1f4e181,40:21.1,9.2,82,4095,10
490,61b9aea57b84dc5bd1f4e182,00:21.5,9.09,82,4095,9.9
491,61b9b3557b84dc5bd1f4e183,20:21.9,9.09,82,4095,9.9
492,61b9b8067b84dc5bd1f4e184,40:22.3,9.2,82,4095,10
493,61b9bcb67b84dc5bd1f4e185,00:22.7,9.2,82,4095,10
494,61b9c1677b84dc5bd1f4e186,20:23.0,9.09,82,4095,9.9
495,61b9c6177b84dc5bd1f4e187,40:23.4,9.31,82,4095,10.1
496,61b9cac77b84dc5bd1f4e188,00:23.8,9.31,82,4095,10.1
497,61b9cf787b84dc5bd1f4e189,20:24.1,9.2,82,4095,10
498,61b9d4287b84dc5bd1f4e18a,40:24.4,9.31,82,4095,10.1
499,61b9d8d87b84dc5bd1f4e18b,00:24.9,9.31,82,4095,10.1
500,61b9dd897b84dc5bd1f4e18c,20:25.2,9.42,82,4095,10.2
501,61b9e2397b84dc5bd1f4e18d,40:25.5,9.31,82,4095,10.1
502,61b9e6e97b84dc5bd1f4e18e,00:25.9,9.42,82,4095,10.2
503,61b9eb9a7b84dc5bd1f4e18f,20:26.3,9.42,82,4095,10.2
504,61b9f04a7b84dc5bd1f4e190,40:26.7,9.42,82,4095,10.2
505,61b9f4fc7b84dc5bd1f4e191,00:28.2,9.42,82,4095,10.2
506,61b9f9ac7b84dc5bd1f4e192,20:28.6,9.53,82,4095,10.3
507,61b9fe5c7b84dc5bd1f4e193,40:29.0,9.53,82,4095,10.3
508,61ba030d7b84dc5bd1f4e194,00:29.3,9.53,82,4095,10.3
509,61ba07bd7b84dc5bd1f4e195,20:29.7,9.42,82,4095,10.2
510,61ba0c507b84dc5bd1f4e196,40:00.0,9.53,82,4095,10.3
511,61ba11007b84dc5bd1f4e197,00:00.4,9.64,82,4095,10.4