,_id,c_clouds,c_feels,c_humidity,c_pressure,c_temp,c_time,c_weather_desc,c_weather_main,c_wind_speed,p_clouds,p_feels,p_humidity,p_pressure,p_temp,p_time,p_weather_desc,p_weather_main,p_wind_speed
0,61addf39f20c163172494cb6,75,1.36,93,1011,4.1,2021-12-06 10:00:26,haze,Haze,3.09,13,1.36,65,989,5.68,2021-12-08 09:00:00,few clouds,Clouds,7.08
1,61aded417d69520b1f0efd3c,90,2.27,90,1010,4.86,2021-12-06 11:00:17,moderate rain,Rain,3.09,33,2.03,62,990,6.19,2021-12-08 10:00:00,scattered clouds,Clouds,7.04
2,61adfb527d69520b1f0efd3d,75,2.59,92,1008,5.4,2021-12-06 12:00:19,broken clouds,Clouds,3.6,33,2.52,60,990,6.68,2021-12-08 11:00:00,scattered clouds,Clouds,7.48
3,61ae09647d69520b1f0efd3e,75,3.77,91,1006,6.1,2021-12-06 13:00:21,light rain,Rain,3.09,44,2.73,61,990,6.81,2021-12-08 12:00:00,scattered clouds,Clouds,7.33
4,61ae17767d69520b1f0efd3f,75,3.09,89,1005,6.45,2021-12-06 14:00:23,light rain,Rain,5.14,100,2.89,63,991,6.86,2021-12-08 13:00:00,overcast clouds,Clouds,7.03
5,61ae25897d69520b1f0efd40,75,4.44,90,1004,6.66,2021-12-06 15:00:25,broken clouds,Clouds,3.09,99,3.0,64,991,6.91,2021-12-08 14:00:00,overcast clouds,Clouds,6.9
6,61ae339b7d69520b1f0efd41,40,3.4,91,1004,6.87,2021-12-06 16:00:27,scattered clouds,Clouds,5.66,100,2.83,71,994,6.38,2021-12-08 15:00:00,overcast clouds,Clouds,5.54
7,61ae41ad7d69520b1f0efd42,20,3.88,91,1004,6.46,2021-12-06 17:00:29,few clouds,Clouds,3.6,100,2.56,70,995,5.98,2021-12-08 16:00:00,overcast clouds,Clouds,5.0
8,61ae4fb17d69520b1f0efd43,40,3.01,84,1005,5.75,2021-12-06 18:00:12,scattered clouds,Clouds,3.6,72,2.31,60,995,6.36,2021-12-08 17:00:00,broken clouds,Clouds,6.87
9,61ae5dc27d69520b1f0efd44,0,0.94,83,1006,4.92,2021-12-06 19:00:19,clear sky,Clear,5.66,76,2.01,60,995,6.0,2021-12-08 18:00:00,broken clouds,Clouds,6.4
10,61ae6bd37d69520b1f0efd45,53,0.14,84,1007,4.29,2021-12-06 20:00:20,broken clouds,Clouds,5.66,100,2.15,59,996,6.07,2021-12-08 19:00:00,overcast clouds,Clouds,6.27
11,61ae79e57d69520b1f0efd46,66,-0.57,85,1007,3.9,2021-12-06 21:00:21,broken clouds,Clouds,6.17,100,2.11,58,996,6.12,2021-12-08 20:00:00,light rain,Rain,6.54
12,61ae87f67d69520b1f0efd47,50,-0.62,85,1008,3.69,2021-12-06 22:00:22,scattered clouds,Clouds,5.66,100,0.99,66,995,5.5,2021-12-08 21:00:00,light rain,Rain,7.49
13,61ae96077d69520b1f0efd48,41,-0.48,86,1009,3.39,2021-12-06 23:00:24,scattered clouds,Clouds,4.63,100,1.0,71,996,5.51,2021-12-08 22:00:00,light rain,Rain,7.49
14,61aea4187d69520b1f0efd49,34,-1.35,86,1009,2.91,2021-12-07 00:00:25,scattered clouds,Clouds,5.14,100,0.67,81,996,5.02,2021-12-08 23:00:00,overcast clouds,Clouds,6.65
15,61aeb22a7d69520b1f0efd4a,0,-1.71,87,1009,2.62,2021-12-07 01:00:26,clear sky,Clear,5.14,100,0.82,89,996,4.81,2021-12-09 00:00:00,overcast clouds,Clouds,5.61
16,61aec03b7d69520b1f0efd4b,3,-0.12,90,1010,2.06,2021-12-07 02:00:28,clear sky,Clear,2.06,100,1.71,85,996,5.43,2021-12-09 01:00:00,overcast clouds,Clouds,5.36
17,61aece4c7d69520b1f0efd4c,3,-1.75,90,1009,1.84,2021-12-07 03:00:29,clear sky,Clear,3.6,100,2.1,79,996,5.83,2021-12-09 02:00:00,overcast clouds,Clouds,5.62
18,61aedc5d7d69520b1f0efd4d,6,-1.75,89,1009,1.84,2021-12-07 04:00:30,clear sky,Clear,3.6,100,2.54,76,996,6.07,2021-12-09 03:00:00,overcast clouds,Clouds,5.31
19,61aeea517d69520b1f0efd4e,40,-0.58,88,1009,1.67,2021-12-07 05:00:01,scattered clouds,Clouds,2.06,100,2.42,67,999,6.09,2021-12-09 04:00:00,overcast clouds,Clouds,5.65
20,61aef8647d69520b1f0efd4f,35,-0.6,89,1009,1.65,2021-12-07 06:00:04,scattered clouds,Clouds,2.06,100,2.56,68,999,6.05,2021-12-09 05:00:00,overcast clouds,Clouds,5.2
21,61af06777d69520b1f0efd50,43,-0.71,90,1008,2.01,2021-12-07 07:00:07,scattered clouds,Clouds,2.57,100,0.5,74,1002,4.02,2021-12-09 06:00:00,overcast clouds,Clouds,4.27
22,61af14897d69520b1f0efd51,0,0.63,88,1005,2.71,2021-12-07 08:00:10,clear sky,Clear,2.06,91,0.52,76,1002,3.9,2021-12-09 07:00:00,overcast clouds,Clouds,3.98
23,61af229f7d69520b1f0efd52,0,0.75,84,1004,3.89,2021-12-07 09:00:12,clear sky,Clear,3.6,77,0.27,78,1002,3.57,2021-12-09 08:00:00,broken clouds,Clouds,3.74
24,61af30b17d69520b1f0efd53,75,1.76,83,1003,5.39,2021-12-07 10:00:17,broken clouds,Clouds,5.14,65,0.72,76,1002,3.81,2021-12-09 09:00:00,broken clouds,Clouds,3.49
25,61af3eca7d69520b1f0efd54,90,3.04,84,1000,6.74,2021-12-07 11:00:26,light rain,Rain,6.17,74,1.81,73,1003,4.52,2021-12-09 10:00:00,broken clouds,Clouds,3.16
26,61af4cdb7d69520b1f0efd55,75,3.2,87,998,7.14,2021-12-07 12:00:28,moderate rain,Rain,7.2,64,3.37,68,1002,5.93,2021-12-09 11:00:00,broken clouds,Clouds,3.38
27,61af5aec7d69520b1f0efd56,75,3.42,90,995,7.18,2021-12-07 13:00:29,moderate rain,Rain,6.69,69,4.15,65,1001,6.57,2021-12-09 12:00:00,broken clouds,Clouds,3.37
28,61af68e17d69520b1f0efd57,90,3.9,90,993,7.56,2021-12-07 14:00:00,light rain,Rain,6.69,98,4.71,64,1001,7.03,2021-12-09 13:00:00,overcast clouds,Clouds,3.36
29,61af76f37d69520b1f0efd58,75,3.29,90,989,7.66,2021-12-07 15:00:02,moderate rain,Rain,9.26,92,4.85,64,1001,7.01,2021-12-09 14:00:00,overcast clouds,Clouds,3.1
30,61af85057d69520b1f0efd59,75,2.97,92,988,7.2,2021-12-07 16:00:04,heavy intensity rain,Rain,8.23,66,4.44,67,1000,6.57,2021-12-09 15:00:00,broken clouds,Clouds,2.93
31,61af931e7d69520b1f0efd5a,75,3.52,91,987,5.9,2021-12-07 17:00:12,light rain,Rain,3.09,54,3.62,74,1000,5.7,2021-12-09 16:00:00,broken clouds,Clouds,2.64
32,61afa12f7d69520b1f0efd5b,75,3.51,92,986,5.56,2021-12-07 18:00:15,broken clouds,Clouds,2.57,58,3.29,79,1000,5.16,2021-12-09 17:00:00,broken clouds,Clouds,2.27
33,61afaf407d69520b1f0efd5c,75,2.84,91,986,5.61,2021-12-07 19:00:16,broken clouds,Clouds,3.6,54,3.24,79,1000,4.88,2021-12-09 18:00:00,broken clouds,Clouds,1.99
34,61afbd537d69520b1f0efd5d,75,3.06,90,986,5.79,2021-12-07 20:00:19,broken clouds,Clouds,3.6,100,3.09,77,999,4.94,2021-12-09 19:00:00,overcast clouds,Clouds,2.21
35,61afcb657d69520b1f0efd5e,20,3.11,87,986,5.83,2021-12-07 21:00:21,few clouds,Clouds,3.6,100,3.23,75,998,5.31,2021-12-09 20:00:00,overcast clouds,Clouds,2.55
36,61afd9767d69520b1f0efd5f,75,2.02,84,986,5.78,2021-12-07 22:00:22,broken clouds,Clouds,5.66,100,3.57,81,997,5.62,2021-12-09 21:00:00,light rain,Rain,2.58
37,61afe78a7d69520b1f0efd60,68,2.23,83,985,5.57,2021-12-07 23:00:26,broken clouds,Clouds,4.63,100,3.69,93,994,6.03,2021-12-09 22:00:00,light rain,Rain,5.45
38,61b08221cd1a73b4d58210aa,75,2.21,72,989,6.73,2021-12-08 10:00:01,broken clouds,Clouds,8.75,67,0.23,75,999,4.56,2021-12-10 09:00:00,broken clouds,Clouds,6.25
39,61b07f0c8e8c3a8615a36fd2,59,2.23,82,986,5.53,2021-12-08 00:00:27,broken clouds,Clouds,0.45,100,4.75,94,993,7.82,2021-12-09 23:00:00,light rain,Rain,5.27
40,61b084588e8c3a8615a36fd4,8,2.28,83,986,5.58,2021-12-08 01:00:15,clear sky,Clear,0.45,100,5.59,97,992,7.89,2021-12-10 00:00:00,light rain,Rain,3.65
41,61b09e510d3f185561210217,75,3.76,70,990,7.81,2021-12-08 12:00:17,broken clouds,Clouds,8.23,62,3.2,72,999,5.52,2021-12-10 11:00:00,light rain,Rain,6.52
42,61b0a93535fa4c0b43682c43,16,2.49,83,986,5.79,2021-12-08 02:00:06,few clouds,Clouds,0.45,100,4.51,88,992,7.99,2021-12-10 01:00:00,light rain,Rain,6.52
43,61b0aa2535fa4c0b43682c44,16,2.5,80,986,5.8,2021-12-08 03:00:06,few clouds,Clouds,0.45,100,3.58,86,992,7.14,2021-12-10 02:00:00,light rain,Rain,6.08
44,61b0aa7b35fa4c0b43682c45,37,2.59,80,987,5.89,2021-12-08 04:00:06,scattered clouds,Clouds,0.45,100,3.56,78,993,7.33,2021-12-10 03:00:00,light rain,Rain,6.84
45,61b0aac435fa4c0b43682c46,38,2.63,79,987,5.93,2021-12-08 05:00:06,scattered clouds,Clouds,0.45,100,2.55,79,993,6.68,2021-12-10 04:00:00,overcast clouds,Clouds,7.38
46,61b0ab1235fa4c0b43682c47,34,2.41,78,988,5.71,2021-12-08 06:00:06,scattered clouds,Clouds,0.89,100,2.1,77,994,6.21,2021-12-10 05:00:00,overcast clouds,Clouds,6.91
47,61b0ab7435fa4c0b43682c48,34,3.18,78,988,5.48,2021-12-08 07:00:17,few clouds,Clouds,0.45,100,1.95,72,995,6.27,2021-12-10 06:00:00,overcast clouds,Clouds,7.6
48,61b0abbe35fa4c0b43682c49,26,2.03,78,989,5.43,2021-12-08 08:00:17,scattered clouds,Clouds,0.45,100,1.64,71,996,5.93,2021-12-10 07:00:00,overcast clouds,Clouds,7.19
49,61b0ac0835fa4c0b43682c4a,75,3.0,76,989,6.05,2021-12-08 09:00:17,broken clouds,Clouds,0.89,97,0.6,73,997,5.12,2021-12-10 08:00:00,overcast clouds,Clouds,7.2
50,61b0ac610d3f185561210218,75,4.23,70,991,8.06,2021-12-08 13:00:17,broken clouds,Clouds,7.72,42,2.24,67,1000,6.33,2021-12-10 12:00:00,scattered clouds,Clouds,6.94
51,61b0ad6f35fa4c0b43682c4c,75,3.5,69,990,7.49,2021-12-08 11:00:17,broken clouds,Clouds,1.79,60,0.88,71,999,5.28,2021-12-10 10:00:00,broken clouds,Clouds,6.99
52,61b0bb2f0d3f185561210219,75,4.4,67,992,8.07,2021-12-08 14:00:19,broken clouds,Clouds,7.2,5,2.61,65,1001,6.63,2021-12-10 13:00:00,clear sky,Clear,6.98
53,61b0c88c0d3f18556121021a,75,4.14,67,992,7.87,2021-12-08 15:00:29,broken clouds,Clouds,7.2,5,2.61,64,1002,6.56,2021-12-10 14:00:00,clear sky,Clear,6.73
54,61b0d6a50d3f18556121021b,40,3.23,67,993,7.29,2021-12-08 16:00:37,scattered clouds,Clouds,7.72,5,2.25,65,1003,6.24,2021-12-10 15:00:00,clear sky,Clear,6.58
55,61b0e4ac0d3f18556121021c,40,3.16,68,994,6.68,2021-12-08 17:00:28,scattered clouds,Clouds,5.66,5,1.8,67,1004,5.83,2021-12-10 16:00:00,clear sky,Clear,6.4
56,61b0f2bd0d3f18556121021d,0,2.39,68,995,6.38,2021-12-08 18:00:29,clear sky,Clear,6.69,4,1.54,70,1005,5.57,2021-12-10 17:00:00,clear sky,Clear,6.19
57,61b100b10d3f18556121021e,40,2.18,69,996,6.35,2021-12-08 19:00:01,scattered clouds,Clouds,7.2,4,1.24,70,1006,5.24,2021-12-10 18:00:00,clear sky,Clear,5.91
58,61b10ec30d3f18556121021f,0,1.96,71,997,6.04,2021-12-08 20:00:03,clear sky,Clear,6.69,4,0.8,72,1007,4.77,2021-12-10 19:00:00,clear sky,Clear,5.55
59,61b11e57e2893d30abe1a997,75,1.96,76,997,5.89,2021-12-08 21:00:31,light rain,Rain,6.17,5,0.52,74,1008,4.45,2021-12-10 20:00:00,clear sky,Clear,5.27
60,61b13e0642879a012a521f92,75,1.71,76,998,5.85,2021-12-08 23:00:42,broken clouds,Clouds,6.69,5,0.29,77,1010,4.02,2021-12-10 22:00:00,clear sky,Clear,4.65
61,61b13e8309b1d6e9a169ad78,80,1.84,77,996,5.72,2021-12-08 22:00:31,light rain,Rain,6.01,10,0.45,76,1007,4.36,2021-12-10 21:00:00,clear sky,Clear,5.32
62,61b14711eb2606ca926f1074,75,1.52,76,998,5.7,2021-12-09 00:00:18,broken clouds,Clouds,6.69,4,0.3,80,1012,3.69,2021-12-10 23:00:00,clear sky,Clear,3.92
63,61b15523eb2606ca926f1075,75,1.85,76,999,5.64,2021-12-09 01:00:20,broken clouds,Clouds,5.66,4,0.33,82,1013,3.56,2021-12-11 00:00:00,clear sky,Clear,3.62
64,61b16335eb2606ca926f1076,75,2.21,75,999,5.75,2021-12-09 02:00:21,broken clouds,Clouds,5.14,6,0.28,83,1013,3.37,2021-12-11 01:00:00,clear sky,Clear,3.36
65,61b17146eb2606ca926f1077,75,2.31,74,999,5.64,2021-12-09 03:00:23,broken clouds,Clouds,4.63,9,0.27,85,1014,3.2,2021-12-11 02:00:00,clear sky,Clear,3.1
66,61b17f57eb2606ca926f1078,20,1.0,75,1000,5.43,2021-12-09 04:00:24,few clouds,Clouds,7.2,38,0.29,86,1014,3.1,2021-12-11 03:00:00,scattered clouds,Clouds,2.92
67,61b18d68eb2606ca926f1079,20,0.75,76,1000,5.1,2021-12-09 05:00:25,few clouds,Clouds,6.69,36,0.24,87,1015,2.97,2021-12-11 04:00:00,scattered clouds,Clouds,2.79
68,61b19b7beb2606ca926f107a,100,0.48,79,1001,4.56,2021-12-09 06:00:28,overcast clouds,Clouds,5.66,32,0.3,88,1015,2.92,2021-12-11 05:00:00,scattered clouds,Clouds,2.65
69,61b1a98deb2606ca926f107b,95,0.09,81,1002,3.85,2021-12-09 07:00:01,overcast clouds,Clouds,4.63,32,0.19,87,1016,2.67,2021-12-11 06:00:00,scattered clouds,Clouds,2.45
70,61b1b780eb2606ca926f107c,94,0.42,83,1002,3.62,2021-12-09 08:00:01,overcast clouds,Clouds,3.6,68,0.42,87,1017,2.61,2021-12-11 07:00:00,broken clouds,Clouds,2.15
71,61b1c594eb2606ca926f107d,75,0.4,82,1003,4.1,2021-12-09 09:00:04,broken clouds,Clouds,4.63,77,0.61,87,1018,2.59,2021-12-11 08:00:00,broken clouds,Clouds,1.96
72,61b1d3a6eb2606ca926f107e,0,2.34,81,1003,4.58,2021-12-09 10:00:07,clear sky,Clear,2.57,77,1.44,85,1018,3.0,2021-12-11 09:00:00,broken clouds,Clouds,1.67
73,61b1e1b7eb2606ca926f107f,0,2.67,78,1003,5.71,2021-12-09 11:00:08,clear sky,Clear,4.12,66,2.55,81,1019,3.97,2021-12-11 10:00:00,broken clouds,Clouds,1.67
74,61b1efc9eb2606ca926f1080,0,3.62,73,1003,7.04,2021-12-09 12:00:10,clear sky,Clear,5.66,64,3.2,77,1019,5.01,2021-12-11 11:00:00,broken clouds,Clouds,2.18
75,61b1fddbeb2606ca926f1081,0,4.81,71,1002,7.65,2021-12-09 13:00:11,clear sky,Clear,4.63,64,3.84,74,1019,5.86,2021-12-11 12:00:00,broken clouds,Clouds,2.6
76,61b20beceb2606ca926f1082,0,5.32,68,1002,8.06,2021-12-09 14:00:13,clear sky,Clear,4.63,100,4.6,72,1018,6.84,2021-12-11 13:00:00,overcast clouds,Clouds,3.17
77,61b21a0aeb2606ca926f1083,62,4.97,71,1001,7.58,2021-12-09 15:00:23,broken clouds,Clouds,4.12,100,4.69,78,1018,6.84,2021-12-11 14:00:00,overcast clouds,Clouds,3.04
78,61b2281beb2606ca926f1084,0,4.31,75,1000,6.55,2021-12-09 16:00:28,clear sky,Clear,3.09,100,4.31,86,1018,6.26,2021-12-11 15:00:00,light rain,Rain,2.6
79,61b2362deb2606ca926f1085,75,4.35,77,999,6.27,2021-12-09 17:00:30,broken clouds,Clouds,2.57,100,4.14,88,1018,6.32,2021-12-11 16:00:00,light rain,Rain,2.93
80,61b24424eb2606ca926f1086,75,4.28,79,998,6.53,2021-12-09 18:00:04,broken clouds,Clouds,3.09,100,4.01,91,1018,6.55,2021-12-11 17:00:00,light rain,Rain,3.57
81,61b25236eb2606ca926f1087,90,4.54,85,996,6.74,2021-12-09 19:00:06,overcast clouds,Clouds,3.09,100,3.47,90,1018,5.87,2021-12-11 18:00:00,moderate rain,Rain,3.12
82,61b26047eb2606ca926f1088,90,4.78,91,995,7.2,2021-12-09 20:00:08,overcast clouds,Clouds,3.6,100,3.45,92,1018,6.35,2021-12-11 19:00:00,light rain,Rain,4.12
83,61b26e59eb2606ca926f1089,75,5.3,91,994,7.63,2021-12-09 21:00:10,light rain,Rain,3.6,100,4.06,95,1018,6.96,2021-12-11 20:00:00,light rain,Rain,4.4
84,61b27c6beb2606ca926f108a,75,5.24,93,992,7.8,2021-12-09 22:00:12,broken clouds,Clouds,4.12,100,5.05,96,1017,8.08,2021-12-11 21:00:00,light rain,Rain,5.34
85,61b28a89eb2606ca926f108b,90,5.41,93,991,7.94,2021-12-09 23:00:23,heavy intensity rain,Rain,4.12,100,6.16,97,1017,8.86,2021-12-11 22:00:00,light rain,Rain,5.0
86,61b2989aeb2606ca926f108c,75,5.72,95,989,7.97,2021-12-10 00:00:27,broken clouds,Clouds,3.6,100,7.86,96,1017,9.94,2021-12-11 23:00:00,light rain,Rain,4.16
87,61b2a6aceb2606ca926f108d,75,6.31,94,988,7.92,2021-12-10 01:00:29,broken clouds,Clouds,2.57,100,9.68,95,1017,10.13,2021-12-12 00:00:00,light rain,Rain,4.08
88,61b2b4bfeb2606ca926f108e,90,4.32,94,988,7.6,2021-12-10 02:00:32,heavy intensity rain,Rain,5.66,100,9.65,94,1017,10.13,2021-12-12 01:00:00,overcast clouds,Clouds,3.59
89,61b2c2c5eb2606ca926f108f,75,3.05,92,989,7.15,2021-12-10 03:00:08,moderate rain,Rain,7.72,100,9.56,95,1018,10.02,2021-12-12 02:00:00,light rain,Rain,3.51
90,61b2d0d6eb2606ca926f1090,75,3.05,90,991,6.59,2021-12-10 04:00:20,broken clouds,Clouds,5.66,100,9.64,95,1018,10.09,2021-12-12 03:00:00,overcast clouds,Clouds,3.68
91,61b2def4eb2606ca926f1091,75,1.99,85,991,6.2,2021-12-10 05:00:34,broken clouds,Clouds,7.2,100,9.71,95,1018,10.16,2021-12-12 04:00:00,light rain,Rain,3.86
92,61b2ece9eb2606ca926f1092,40,1.1,82,992,5.77,2021-12-10 06:00:10,scattered clouds,Clouds,8.23,100,9.81,94,1018,10.27,2021-12-12 05:00:00,light rain,Rain,3.67
93,61b2fafeeb2606ca926f1093,40,1.13,82,994,5.07,2021-12-10 07:00:15,scattered clouds,Clouds,5.66,99,10.0,93,1019,10.47,2021-12-12 06:00:00,overcast clouds,Clouds,3.44
94,61b30910eb2606ca926f1094,100,0.49,82,995,4.57,2021-12-10 08:00:17,overcast clouds,Clouds,5.66,100,10.09,93,1020,10.55,2021-12-12 07:00:00,overcast clouds,Clouds,3.51
95,61b31722eb2606ca926f1095,0,-0.08,82,996,4.45,2021-12-10 09:00:19,clear sky,Clear,6.69,100,9.9,95,1020,10.33,2021-12-12 08:00:00,overcast clouds,Clouds,3.41
96,61b32533eb2606ca926f1096,75,0.48,81,997,5.03,2021-12-10 10:00:20,broken clouds,Clouds,7.2,99,10.31,95,1021,10.7,2021-12-12 09:00:00,overcast clouds,Clouds,3.54
97,61b33346eb2606ca926f1097,20,1.29,77,998,5.91,2021-12-10 11:00:22,few clouds,Clouds,8.23,100,10.76,94,1021,11.14,2021-12-12 10:00:00,overcast clouds,Clouds,3.69
98,61b34158eb2606ca926f1098,20,2.13,74,999,6.56,2021-12-10 12:00:23,few clouds,Clouds,8.23,84,10.94,80,1021,11.63,2021-12-12 11:00:00,broken clouds,Clouds,4.13
99,61b34f69eb2606ca926f1099,20,2.49,71,1000,7.05,2021-12-10 13:00:24,few clouds,Clouds,9.26,71,11.71,75,1021,12.45,2021-12-12 12:00:00,broken clouds,Clouds,4.29
100,61b35d8aeb2606ca926f109a,20,2.82,70,1000,7.09,2021-12-10 14:00:25,few clouds,Clouds,8.23,98,11.54,75,1021,12.3,2021-12-12 13:00:00,overcast clouds,Clouds,3.74
101,61b36b80eb2606ca926f109b,20,2.89,70,1001,6.9,2021-12-10 15:00:16,few clouds,Clouds,7.2,99,11.03,82,1021,11.67,2021-12-12 14:00:00,overcast clouds,Clouds,3.2
102,61b37991eb2606ca926f109c,40,2.46,71,1002,6.57,2021-12-10 16:00:17,scattered clouds,Clouds,7.2,99,11.01,89,1021,11.48,2021-12-12 15:00:00,overcast clouds,Clouds,3.18
103,61b387a3eb2606ca926f109d,40,2.6,73,1004,6.24,2021-12-10 17:00:19,scattered clouds,Clouds,5.66,99,11.03,89,1021,11.5,2021-12-12 16:00:00,overcast clouds,Clouds,3.57
104,61b395b4eb2606ca926f109e,20,2.02,76,1005,5.6,2021-12-10 18:00:00,few clouds,Clouds,5.14,100,10.86,89,1021,11.35,2021-12-12 17:00:00,overcast clouds,Clouds,3.52
105,61b3a3c5eb2606ca926f109f,20,2.0,78,1006,4.92,2021-12-10 19:00:21,few clouds,Clouds,3.6,100,10.73,85,1021,11.32,2021-12-12 18:00:00,overcast clouds,Clouds,3.67
106,61b3b1d9eb2606ca926f10a0,20,1.11,82,1007,4.45,2021-12-10 20:00:25,few clouds,Clouds,4.12,100,10.73,80,1022,11.44,2021-12-12 19:00:00,overcast clouds,Clouds,4.09
107,61b3bfebeb2606ca926f10a1,20,0.68,82,1008,4.1,2021-12-10 21:00:27,few clouds,Clouds,4.12,99,10.45,78,1022,11.23,2021-12-12 20:00:00,overcast clouds,Clouds,4.2
108,61b3cdfceb2606ca926f10a2,0,0.42,82,1009,3.62,2021-12-10 22:00:28,clear sky,Clear,3.6,99,10.5,73,1022,11.4,2021-12-12 21:00:00,overcast clouds,Clouds,4.77
109,61b3dc0deb2606ca926f10a3,0,0.46,84,1009,2.99,2021-12-10 23:00:26,clear sky,Clear,2.57,100,10.38,74,1022,11.27,2021-12-12 22:00:00,overcast clouds,Clouds,4.73
110,61b3ea0ceb2606ca926f10a4,2,-1.56,86,1011,2.52,2021-12-11 00:00:11,clear sky,Clear,4.63,100,10.27,78,1022,11.07,2021-12-12 23:00:00,overcast clouds,Clouds,4.74
111,61b3f81eeb2606ca926f10a5,4,-0.97,87,1012,2.48,2021-12-11 01:00:06,clear sky,Clear,3.6,100,10.23,81,1022,10.96,2021-12-13 00:00:00,overcast clouds,Clouds,4.68
112,61b4062feb2606ca926f10a6,8,-0.82,87,1012,2.29,2021-12-11 02:00:07,clear sky,Clear,3.09,100,10.19,81,1022,10.93,2021-12-13 01:00:00,overcast clouds,Clouds,4.48
113,61b41440eb2606ca926f10a7,12,-1.76,89,1013,1.83,2021-12-11 03:00:09,few clouds,Clouds,3.6,100,10.13,81,1022,10.87,2021-12-13 02:00:00,overcast clouds,Clouds,4.32
114,61b42251eb2606ca926f10a8,17,-1.07,90,1014,2.08,2021-12-11 04:00:10,few clouds,Clouds,3.09,99,9.94,82,1022,10.68,2021-12-13 03:00:00,overcast clouds,Clouds,4.16
115,61b43062eb2606ca926f10a9,29,-1.46,90,1014,2.08,2021-12-11 05:00:11,scattered clouds,Clouds,3.6,83,9.48,83,1022,10.23,2021-12-13 04:00:00,broken clouds,Clouds,3.68
116,61b43e73eb2606ca926f10aa,36,-1.01,90,1014,2.13,2021-12-11 06:00:13,scattered clouds,Clouds,3.09,87,8.28,85,1022,9.92,2021-12-13 05:00:00,overcast clouds,Clouds,3.25
117,61b44c85eb2606ca926f10ab,98,-1.03,90,1015,2.43,2021-12-11 07:00:19,overcast clouds,Clouds,3.6,100,8.19,89,1022,9.75,2021-12-13 06:00:00,overcast clouds,Clouds,3.03
118,61b4a0dda2d46920cc92b126,100,5.44,78,1017,7.49,2021-12-11 13:00:13,overcast clouds,Clouds,3.09,100,11.15,73,1023,11.99,2021-12-13 12:00:00,overcast clouds,Clouds,3.93
119,61b4aeeea2d46920cc92b127,0,6.41,80,1017,7.66,2021-12-11 14:00:15,clear sky,Clear,2.06,100,11.22,73,1022,12.05,2021-12-13 13:00:00,overcast clouds,Clouds,3.94
120,61b4bcde8f6825046eec56ce,99,-0.04,89,1016,2.57,2021-12-11 08:00:00,overcast clouds,Clouds,2.57,100,10.15,83,1021,10.84,2021-12-13 07:00:00,overcast clouds,Clouds,4.27
121,61b4bcde8f6825046eec56cf,93,0.23,90,1017,2.8,2021-12-11 09:00:00,overcast clouds,Clouds,2.57,100,10.14,84,1022,10.81,2021-12-13 08:00:00,overcast clouds,Clouds,3.84
122,61b4bcde8f6825046eec56d0,0,4.18,90,1017,4.18,2021-12-11 10:00:00,clear sky,Clear,0.45,100,10.2,83,1022,10.89,2021-12-13 09:00:00,overcast clouds,Clouds,3.68
123,61b4bcde8f6825046eec56d1,0,3.2,86,1017,5.9,2021-12-11 11:00:00,clear sky,Clear,3.6,100,10.34,82,1023,11.04,2021-12-13 10:00:00,overcast clouds,Clouds,3.59
124,61b4bcde8f6825046eec56d2,0,5.79,79,1017,7.13,2021-12-11 12:00:00,clear sky,Clear,2.06,100,10.52,78,1023,11.3,2021-12-13 11:00:00,overcast clouds,Clouds,3.75
125,61b4bd00a2d46920cc92b128,75,5.57,83,1016,7.6,2021-12-11 15:00:16,broken clouds,Clouds,3.09,100,10.9,78,1022,11.64,2021-12-13 14:00:00,overcast clouds,Clouds,3.96
126,61b4cb11a2d46920cc92b129,75,5.52,86,1016,7.56,2021-12-11 16:00:17,light rain,Rain,3.09,100,10.19,83,1023,10.88,2021-12-13 15:00:00,overcast clouds,Clouds,3.44
127,61b4d922a2d46920cc92b12a,75,5.5,89,1016,7.54,2021-12-11 17:00:18,moderate rain,Rain,3.09,100,9.38,88,1023,10.02,2021-12-13 16:00:00,overcast clouds,Clouds,3.28
128,61b4e733a2d46920cc92b12b,75,5.93,93,1016,7.9,2021-12-11 18:00:20,light intensity drizzle,Drizzle,3.09,100,7.86,90,1023,9.57,2021-12-13 17:00:00,overcast clouds,Clouds,3.23
129,61b4f544a2d46920cc92b12c,75,6.47,95,1016,8.59,2021-12-11 19:00:21,light intensity drizzle,Drizzle,3.6,98,7.2,91,1023,9.28,2021-12-13 18:00:00,overcast clouds,Clouds,3.82
130,61b50356a2d46920cc92b12d,75,7.15,94,1016,9.35,2021-12-11 20:00:22,mist,Mist,4.12,100,7.21,92,1023,9.18,2021-12-13 19:00:00,overcast clouds,Clouds,3.56
131,61b51168a2d46920cc92b12e,90,7.85,95,1016,9.92,2021-12-11 21:00:25,overcast clouds,Clouds,4.12,100,7.36,91,1023,9.18,2021-12-13 20:00:00,overcast clouds,Clouds,3.28
132,61b51f7aa2d46920cc92b12f,90,9.9,95,1016,10.33,2021-12-11 22:00:26,overcast clouds,Clouds,3.09,100,7.64,92,1023,9.41,2021-12-13 21:00:00,overcast clouds,Clouds,3.29
133,61b52d8ca2d46920cc92b130,90,10.31,95,1016,10.7,2021-12-11 23:00:28,overcast clouds,Clouds,2.57,100,7.84,91,1023,9.64,2021-12-13 22:00:00,overcast clouds,Clouds,3.44
134,61b53b9da2d46920cc92b131,90,10.41,95,1016,10.79,2021-12-12 00:00:29,overcast clouds,Clouds,4.12,100,8.16,89,1023,9.83,2021-12-13 23:00:00,overcast clouds,Clouds,3.27
135,61b54990a2d46920cc92b132,100,10.49,94,1016,10.89,2021-12-12 01:00:01,overcast clouds,Clouds,4.63,100,8.41,88,1023,10.0,2021-12-14 00:00:00,overcast clouds,Clouds,3.18
136,61b557a4a2d46920cc92b133,20,10.57,93,1017,10.99,2021-12-12 02:00:02,light rain,Rain,4.63,100,8.08,90,1023,9.75,2021-12-14 01:00:00,overcast clouds,Clouds,3.24
137,61b565b6a2d46920cc92b134,90,10.61,94,1017,11.0,2021-12-12 03:00:06,overcast clouds,Clouds,3.6,100,7.99,93,1023,9.4,2021-12-14 02:00:00,overcast clouds,Clouds,2.68
138,61b573c8a2d46920cc92b135,75,10.99,95,1017,11.32,2021-12-12 04:00:08,broken clouds,Clouds,4.12,100,7.68,96,1024,9.29,2021-12-14 03:00:00,overcast clouds,Clouds,2.96
139,61b581e5a2d46920cc92b136,90,11.2,95,1017,11.51,2021-12-12 05:00:15,overcast clouds,Clouds,4.63,100,7.68,96,1024,9.44,2021-12-14 04:00:00,overcast clouds,Clouds,3.28
140,61b58ff6a2d46920cc92b137,90,11.49,95,1018,11.78,2021-12-12 06:00:23,overcast clouds,Clouds,5.14,100,9.49,92,1024,10.03,2021-12-14 05:00:00,overcast clouds,Clouds,3.62
141,61b59e08a2d46920cc92b138,90,11.64,95,1018,11.91,2021-12-12 07:00:24,overcast clouds,Clouds,4.63,99,8.52,93,1025,9.88,2021-12-14 06:00:00,overcast clouds,Clouds,2.75
142,61b5ac19a2d46920cc92b139,90,11.56,94,1019,11.86,2021-12-12 08:00:26,overcast clouds,Clouds,5.14,100,8.46,94,1025,9.86,2021-12-14 07:00:00,overcast clouds,Clouds,2.8
143,61b5ba2ba2d46920cc92b13a,75,11.53,92,1019,11.88,2021-12-12 09:00:27,broken clouds,Clouds,3.6,100,8.6,95,1026,9.71,2021-12-14 08:00:00,overcast clouds,Clouds,2.33
144,61b5c83da2d46920cc92b13b,40,11.79,91,1020,12.14,2021-12-12 10:00:30,scattered clouds,Clouds,4.12,100,8.77,94,1026,9.78,2021-12-14 09:00:00,overcast clouds,Clouds,2.21
145,61b5d631a2d46920cc92b13c,75,12.34,91,1020,12.64,2021-12-12 11:00:02,broken clouds,Clouds,3.6,100,9.07,93,1026,10.0,2021-12-14 10:00:00,overcast clouds,Clouds,2.15
146,61b5e458a2d46920cc92b13d,75,12.78,89,1020,13.09,2021-12-12 12:00:21,broken clouds,Clouds,4.63,100,9.94,92,1027,10.44,2021-12-14 11:00:00,overcast clouds,Clouds,1.97
147,61b5f26ba2d46920cc92b13e,75,12.84,87,1020,13.19,2021-12-12 13:00:28,broken clouds,Clouds,5.14,100,10.11,93,1027,10.57,2021-12-14 12:00:00,overcast clouds,Clouds,2.31
148,61b6007da2d46920cc92b13f,75,12.92,88,1020,13.24,2021-12-12 14:00:29,broken clouds,Clouds,4.12,100,10.7,90,1027,11.18,2021-12-14 13:00:00,overcast clouds,Clouds,2.65
149,61b60e71a2d46920cc92b140,75,12.41,87,1020,12.8,2021-12-12 15:00:01,broken clouds,Clouds,5.66,100,11.05,89,1026,11.52,2021-12-14 14:00:00,overcast clouds,Clouds,2.36
150,61b61c84a2d46920cc92b141,75,11.87,89,1020,12.26,2021-12-12 16:00:05,broken clouds,Clouds,5.66,100,10.44,93,1027,10.87,2021-12-14 15:00:00,overcast clouds,Clouds,1.85
151,61b638a9347ac170ff9c2f75,75,11.35,89,1021,11.79,2021-12-12 18:00:09,broken clouds,Clouds,4.12,100,9.22,96,1027,9.88,2021-12-14 17:00:00,overcast clouds,Clouds,1.8
152,61b646bb347ac170ff9c2f76,75,11.13,87,1021,11.64,2021-12-12 19:00:11,broken clouds,Clouds,5.66,100,6.96,89,1028,7.89,2021-12-14 18:00:00,overcast clouds,Clouds,1.76
153,61b654d0347ac170ff9c2f77,75,11.02,86,1021,11.56,2021-12-12 20:00:16,broken clouds,Clouds,5.14,100,6.66,90,1028,7.69,2021-12-14 19:00:00,overcast clouds,Clouds,1.83
154,61b662e6347ac170ff9c2f78,90,10.9,86,1022,11.45,2021-12-12 21:00:22,overcast clouds,Clouds,4.63,100,6.33,91,1028,7.48,2021-12-14 20:00:00,overcast clouds,Clouds,1.92
155,61b670f9347ac170ff9c2f79,90,10.92,84,1022,11.52,2021-12-12 22:00:26,overcast clouds,Clouds,4.12,97,6.04,91,1028,7.28,2021-12-14 21:00:00,overcast clouds,Clouds,1.98
156,61b67f0b347ac170ff9c2f7a,90,10.95,83,1022,11.57,2021-12-12 23:00:28,overcast clouds,Clouds,4.63,96,5.92,91,1029,7.1,2021-12-14 22:00:00,overcast clouds,Clouds,1.89
157,61b68d1c347ac170ff9c2f7b,90,10.87,84,1022,11.47,2021-12-13 00:00:29,overcast clouds,Clouds,5.66,93,5.64,91,1029,6.95,2021-12-14 23:00:00,overcast clouds,Clouds,2.0
158,61b69b2d347ac170ff9c2f7c,90,10.65,84,1022,11.27,2021-12-13 01:00:30,overcast clouds,Clouds,4.63,79,5.42,92,1029,6.79,2021-12-15 00:00:00,broken clouds,Clouds,2.03
159,61b6a921347ac170ff9c2f7d,75,10.38,88,1022,10.93,2021-12-13 02:00:01,broken clouds,Clouds,4.63,15,5.38,95,1029,6.7,2021-12-15 01:00:00,few clouds,Clouds,1.97
160,61b6b747347ac170ff9c2f7e,75,10.08,90,1022,10.61,2021-12-13 03:00:24,broken clouds,Clouds,5.14,46,6.45,94,1029,7.4,2021-12-15 02:00:00,scattered clouds,Clouds,1.71
161,61b6c558347ac170ff9c2f7f,20,9.91,90,1022,10.46,2021-12-13 04:00:25,few clouds,Clouds,3.6,25,5.99,97,1029,7.31,2021-12-15 03:00:00,scattered clouds,Clouds,2.08
162,61b6d369347ac170ff9c2f80,90,9.88,90,1022,10.43,2021-12-13 05:00:26,overcast clouds,Clouds,4.63,33,6.79,95,1029,7.81,2021-12-15 04:00:00,scattered clouds,Clouds,1.84
163,61b6e17b347ac170ff9c2f81,40,9.92,91,1022,10.44,2021-12-13 06:00:29,scattered clouds,Clouds,3.6,46,8.07,93,1028,9.5,2021-12-15 05:00:00,scattered clouds,Clouds,2.75
164,61b6ef8d347ac170ff9c2f82,75,10.26,92,1022,10.73,2021-12-13 07:00:30,broken clouds,Clouds,3.09,54,8.53,89,1029,9.85,2021-12-15 06:00:00,broken clouds,Clouds,2.68
165,61b6fd80347ac170ff9c2f83,75,10.25,91,1023,10.74,2021-12-13 08:00:01,broken clouds,Clouds,3.09,98,9.53,84,1029,10.26,2021-12-15 07:00:00,overcast clouds,Clouds,3.02
166,61b70ba0347ac170ff9c2f84,75,10.38,91,1023,10.86,2021-12-13 09:00:16,broken clouds,Clouds,3.6,96,8.74,86,1029,9.95,2021-12-15 08:00:00,overcast clouds,Clouds,2.53
167,61b719b2347ac170ff9c2f85,75,10.55,90,1023,11.04,2021-12-13 10:00:19,light intensity drizzle,Drizzle,3.6,64,7.92,91,1030,9.3,2021-12-15 09:00:00,broken clouds,Clouds,2.61
168,61b727c4347ac170ff9c2f86,75,10.74,87,1024,11.28,2021-12-13 11:00:21,light intensity drizzle,Drizzle,5.14,48,8.47,89,1030,9.76,2021-12-15 10:00:00,scattered clouds,Clouds,2.6
169,61b735d5347ac170ff9c2f87,75,10.8,85,1024,11.39,2021-12-13 12:00:22,broken clouds,Clouds,4.12,52,9.81,83,1030,10.53,2021-12-15 11:00:00,broken clouds,Clouds,3.19
170,61b743e6347ac170ff9c2f88,75,10.71,86,1024,11.28,2021-12-13 13:00:23,light intensity drizzle,Drizzle,5.14,60,10.44,80,1030,11.18,2021-12-15 12:00:00,broken clouds,Clouds,2.55
171,61b751f9347ac170ff9c2f89,75,10.56,87,1023,11.12,2021-12-13 14:00:25,light intensity drizzle,Drizzle,3.6,9,10.87,78,1030,11.62,2021-12-15 13:00:00,clear sky,Clear,2.73
172,61b7600a347ac170ff9c2f8a,75,10.26,88,1023,10.82,2021-12-13 15:00:26,broken clouds,Clouds,4.63,5,10.9,80,1030,11.6,2021-12-15 14:00:00,clear sky,Clear,2.91
173,61b76e1b347ac170ff9c2f8b,75,9.96,88,1023,10.55,2021-12-13 16:00:27,broken clouds,Clouds,4.12,3,10.42,85,1030,11.04,2021-12-15 15:00:00,clear sky,Clear,2.86
174,61b77c2c347ac170ff9c2f8c,75,9.65,88,1024,10.27,2021-12-13 17:00:28,broken clouds,Clouds,4.12,2,8.93,90,1031,9.99,2021-12-15 16:00:00,clear sky,Clear,2.33
175,61b78a3e347ac170ff9c2f8d,75,9.32,86,1024,10.02,2021-12-13 18:00:30,broken clouds,Clouds,4.63,2,8.31,93,1031,9.39,2021-12-15 17:00:00,clear sky,Clear,2.21
176,61b79832347ac170ff9c2f8e,75,7.58,87,1024,9.88,2021-12-13 19:00:01,broken clouds,Clouds,4.63,1,8.33,95,1032,9.18,2021-12-15 18:00:00,clear sky,Clear,1.89
177,61b7a644347ac170ff9c2f8f,90,7.24,88,1025,9.76,2021-12-13 20:00:04,overcast clouds,Clouds,5.14,1,8.1,96,1032,8.84,2021-12-15 19:00:00,clear sky,Clear,1.72
178,61b7b456347ac170ff9c2f90,90,8.24,88,1025,9.82,2021-12-13 21:00:06,overcast clouds,Clouds,3.09,3,7.75,96,1033,8.61,2021-12-15 20:00:00,clear sky,Clear,1.81
179,61b7c268347ac170ff9c2f91,75,8.0,87,1025,9.62,2021-12-13 22:00:08,broken clouds,Clouds,3.09,2,7.64,96,1033,8.36,2021-12-15 21:00:00,clear sky,Clear,1.63
180,61b7d07a347ac170ff9c2f92,75,7.98,88,1025,9.6,2021-12-13 23:00:10,broken clouds,Clouds,3.09,1,7.66,95,1034,8.21,2021-12-15 22:00:00,clear sky,Clear,1.45
181,61b7de8c347ac170ff9c2f93,75,8.05,89,1025,9.66,2021-12-14 00:00:12,broken clouds,Clouds,3.09,1,7.53,94,1034,8.08,2021-12-15 23:00:00,clear sky,Clear,1.44
182,61b7ec9d347ac170ff9c2f94,90,8.25,91,1026,9.56,2021-12-14 01:00:13,overcast clouds,Clouds,2.57,0,7.53,91,1034,7.53,2021-12-16 00:00:00,clear sky,Clear,1.3
183,61b7faaf347ac170ff9c2f95,75,8.06,91,1025,9.67,2021-12-14 02:00:15,broken clouds,Clouds,3.09,0,7.42,90,1034,7.42,2021-12-16 01:00:00,clear sky,Clear,1.06
184,61b808c2347ac170ff9c2f96,90,8.78,92,1026,9.69,2021-12-14 03:00:18,overcast clouds,Clouds,2.06,0,7.31,89,1035,7.31,2021-12-16 02:00:00,clear sky,Clear,0.77
185,61b816d3347ac170ff9c2f97,90,9.51,92,1026,9.91,2021-12-14 04:00:20,overcast clouds,Clouds,1.54,0,7.17,88,1035,7.17,2021-12-16 03:00:00,clear sky,Clear,0.79
186,61b824f7347ac170ff9c2f98,90,8.42,92,1026,9.97,2021-12-14 05:00:33,overcast clouds,Clouds,3.09,0,7.07,88,1035,7.07,2021-12-16 04:00:00,clear sky,Clear,0.45
187,61b832ec347ac170ff9c2f99,90,8.95,92,1026,9.83,2021-12-14 06:00:12,overcast clouds,Clouds,2.06,0,6.95,87,1035,6.95,2021-12-16 05:00:00,clear sky,Clear,0.51
188,61b840fe347ac170ff9c2f9a,75,8.91,92,1026,9.8,2021-12-14 07:00:14,broken clouds,Clouds,2.06,1,7.48,95,1035,7.48,2021-12-16 06:00:00,clear sky,Clear,1.17
189,61b84f0f347ac170ff9c2f9b,75,8.5,93,1026,9.77,2021-12-14 08:00:15,broken clouds,Clouds,2.57,0,7.41,95,1036,7.41,2021-12-16 07:00:00,clear sky,Clear,0.92
190,61b85d39347ac170ff9c2f9c,75,9.85,93,1026,10.33,2021-12-14 09:00:41,broken clouds,Clouds,2.57,0,7.35,94,1036,7.35,2021-12-16 08:00:00,clear sky,Clear,0.86
191,61b86b33347ac170ff9c2f9d,75,10.55,92,1027,10.99,2021-12-14 10:00:16,broken clouds,Clouds,2.06,0,7.62,94,1037,7.62,2021-12-16 09:00:00,clear sky,Clear,0.59
192,61b87945347ac170ff9c2f9e,75,11.29,89,1027,11.74,2021-12-14 11:00:21,broken clouds,Clouds,3.09,0,8.44,90,1037,8.44,2021-12-16 10:00:00,clear sky,Clear,0.22
193,61b88758347ac170ff9c2f9f,75,11.81,85,1027,12.3,2021-12-14 12:00:24,light intensity drizzle,Drizzle,2.57,0,9.34,85,1038,9.34,2021-12-16 11:00:00,clear sky,Clear,0.37
194,61b8956a347ac170ff9c2fa0,75,12.19,85,1027,12.65,2021-12-14 13:00:26,broken clouds,Clouds,3.09,0,9.25,81,1037,10.07,2021-12-16 12:00:00,clear sky,Clear,0.36
195,61b8a37b347ac170ff9c2fa1,75,12.24,84,1026,12.72,2021-12-14 14:00:28,broken clouds,Clouds,3.6,0,9.65,79,1037,10.48,2021-12-16 13:00:00,clear sky,Clear,0.42
196,61b8b190347ac170ff9c2fa2,75,12.1,84,1026,12.59,2021-12-14 15:00:32,broken clouds,Clouds,4.12,0,9.58,80,1037,10.4,2021-12-16 14:00:00,clear sky,Clear,0.53
197,61b8bf89347ac170ff9c2fa3,75,11.83,83,1026,12.37,2021-12-14 16:00:08,broken clouds,Clouds,4.12,0,9.66,86,1038,9.66,2021-12-16 15:00:00,clear sky,Clear,0.66
198,61b8cda8347ac170ff9c2fa4,90,11.73,83,1027,12.28,2021-12-14 17:00:23,overcast clouds,Clouds,4.63,0,8.93,90,1038,8.93,2021-12-16 16:00:00,clear sky,Clear,0.79
199,61b8dbb9347ac170ff9c2fa5,90,11.38,86,1027,11.89,2021-12-14 18:00:26,overcast clouds,Clouds,4.63,0,8.6,91,1038,8.6,2021-12-16 17:00:00,clear sky,Clear,0.82
200,61b8e9ca347ac170ff9c2fa6,90,11.16,87,1027,11.67,2021-12-14 19:00:27,overcast clouds,Clouds,4.63,0,8.31,94,1038,8.31,2021-12-16 18:00:00,clear sky,Clear,0.94
201,61b8f7dc347ac170ff9c2fa7,75,10.9,88,1028,11.41,2021-12-14 20:00:28,broken clouds,Clouds,3.6,0,8.07,95,1039,8.07,2021-12-16 19:00:00,clear sky,Clear,1.05
202,61b905ed347ac170ff9c2fa8,75,10.41,91,1027,10.89,2021-12-14 21:00:30,broken clouds,Clouds,4.12,0,7.85,95,1039,7.85,2021-12-16 20:00:00,clear sky,Clear,1.09
203,61b913e1347ac170ff9c2fa9,20,10.1,92,1028,10.58,2021-12-14 22:00:01,few clouds,Clouds,3.09,0,7.61,95,1039,7.61,2021-12-16 21:00:00,clear sky,Clear,1.16
204,61b921f3347ac170ff9c2faa,40,10.11,93,1028,10.57,2021-12-14 23:00:03,scattered clouds,Clouds,2.06,0,7.4,95,1039,7.4,2021-12-16 22:00:00,clear sky,Clear,1.25
205,61b93006347ac170ff9c2fab,75,10.12,91,1028,10.63,2021-12-15 00:00:05,broken clouds,Clouds,3.09,0,6.62,95,1040,7.2,2021-12-16 23:00:00,clear sky,Clear,1.37
206,61b93e21347ac170ff9c2fac,75,10.05,92,1028,10.54,2021-12-15 01:00:18,broken clouds,Clouds,1.03,0,6.5,95,1039,7.38,2021-12-17 00:00:00,clear sky,Clear,1.64
207,61b94c34347ac170ff9c2fad,75,10.25,91,1028,10.74,2021-12-15 02:00:21,broken clouds,Clouds,3.09,0,6.16,95,1039,7.17,2021-12-17 01:00:00,clear sky,Clear,1.73
208,61b95a45347ac170ff9c2fae,90,10.42,89,1028,10.95,2021-12-15 03:00:22,overcast clouds,Clouds,4.12,0,5.89,95,1039,6.95,2021-12-17 02:00:00,clear sky,Clear,1.75
209,61b96856347ac170ff9c2faf,75,10.47,87,1028,11.04,2021-12-15 04:00:23,broken clouds,Clouds,4.12,0,5.76,95,1039,6.78,2021-12-17 03:00:00,clear sky,Clear,1.69
210,61b97668347ac170ff9c2fb0,75,10.68,85,1028,11.28,2021-12-15 05:00:24,broken clouds,Clouds,3.6,0,5.53,94,1039,6.62,2021-12-17 04:00:00,clear sky,Clear,1.73
211,61b98482347ac170ff9c2fb1,90,10.78,85,1029,11.37,2021-12-15 06:00:34,overcast clouds,Clouds,4.63,1,5.36,93,1039,6.46,2021-12-17 05:00:00,clear sky,Clear,1.72
212,61b992a3347ac170ff9c2fb2,90,10.7,83,1029,11.34,2021-12-15 07:00:52,overcast clouds,Clouds,3.6,3,5.06,89,1039,6.22,2021-12-17 06:00:00,clear sky,Clear,1.74
213,61b9a096347ac170ff9c2fb3,90,10.62,81,1029,11.32,2021-12-15 08:00:23,overcast clouds,Clouds,3.6,7,5.0,89,1040,6.15,2021-12-17 07:00:00,clear sky,Clear,1.72
214,61b9aea8347ac170ff9c2fb4,75,10.91,85,1030,11.49,2021-12-15 09:00:24,broken clouds,Clouds,2.57,7,4.89,89,1040,6.1,2021-12-17 08:00:00,clear sky,Clear,1.77
215,61b9bcb9347ac170ff9c2fb5,75,11.4,83,1030,11.98,2021-12-15 10:00:26,broken clouds,Clouds,3.09,6,5.32,87,1041,6.4,2021-12-17 09:00:00,clear sky,Clear,1.69
216,61b9caca347ac170ff9c2fb6,75,11.81,81,1031,12.4,2021-12-15 11:00:27,broken clouds,Clouds,3.6,5,6.5,82,1041,7.26,2021-12-17 10:00:00,clear sky,Clear,1.52
217,61b9d8dc347ac170ff9c2fb7,90,12.07,80,1031,12.66,2021-12-15 12:00:28,overcast clouds,Clouds,4.12,4,7.17,77,1041,8.26,2021-12-17 11:00:00,clear sky,Clear,1.99
218,61b9e6ed347ac170ff9c2fb8,75,12.23,78,1031,12.85,2021-12-15 13:00:30,broken clouds,Clouds,4.63,3,7.96,75,1040,9.12,2021-12-17 12:00:00,clear sky,Clear,2.26
219,61b9f4e2347ac170ff9c2fb9,75,12.2,77,1031,12.85,2021-12-15 14:00:01,broken clouds,Clouds,4.63,0,8.03,79,1040,9.4,2021-12-17 13:00:00,clear sky,Clear,2.62
220,61ba02f4347ac170ff9c2fba,75,12.05,75,1031,12.76,2021-12-15 15:00:03,broken clouds,Clouds,4.12,0,8.29,82,1040,9.57,2021-12-17 14:00:00,clear sky,Clear,2.54
221,61ba1106347ac170ff9c2fbb,75,11.85,75,1031,12.58,2021-12-15 16:00:05,broken clouds,Clouds,2.57,0,7.8,87,1040,9.26,2021-12-17 15:00:00,clear sky,Clear,2.71
