,c_clouds,c_feels,c_humidity,c_pressure,c_temp,c_time,c_weather_desc,c_weather_main,c_wind_speed,feels_error,hum_error,p_clouds,p_feels,p_humidity,p_pressure,p_temp,p_weather_desc,p_weather_main,p_wind_speed,s_feels,s_humidity,s_rain,s_temp,temp_error
0,75.0,3.5,69.0,990.0,7.49,2021-12-08 11:00:00,broken clouds,Clouds,1.79,-3.9899999999999998,5.0,33.0,2.52,60.0,990.0,6.68,scattered clouds,Clouds,7.48,6.51,55.0,4095.0,8.2,-1.5199999999999996
1,75.0,3.76,70.0,990.0,7.81,2021-12-08 12:00:00,broken clouds,Clouds,8.23,-3.85,5.670000000000002,44.0,2.73,61.0,990.0,6.81,scattered clouds,Clouds,7.33,6.58,55.33,4095.0,8.33,-1.5200000000000005
2,75.0,4.23,70.0,991.0,8.06,2021-12-08 13:00:00,broken clouds,Clouds,7.72,-3.6999999999999997,7.670000000000002,100.0,2.89,63.0,991.0,6.86,overcast clouds,Clouds,7.03,6.59,55.33,4095.0,8.27,-1.4099999999999993
3,75.0,4.4,67.0,992.0,8.07,2021-12-08 14:00:00,broken clouds,Clouds,7.2,-3.5999999999999996,10.0,99.0,3.0,64.0,991.0,6.91,overcast clouds,Clouds,6.9,6.6,54.0,4095.0,8.3,-1.3900000000000006
4,75.0,4.14,67.0,992.0,7.87,2021-12-08 15:00:00,broken clouds,Clouds,7.2,-3.6500000000000004,18.67,100.0,2.83,71.0,994.0,6.38,overcast clouds,Clouds,5.54,6.48,52.33,4095.0,8.23,-1.8500000000000005
5,40.0,3.23,67.0,993.0,7.29,2021-12-08 16:00:00,scattered clouds,Clouds,7.72,-3.69,18.0,100.0,2.56,70.0,995.0,5.98,overcast clouds,Clouds,5.0,6.25,52.0,4095.0,8.03,-2.049999999999999
6,40.0,3.16,68.0,994.0,6.68,2021-12-08 17:00:00,scattered clouds,Clouds,5.66,-3.7499999999999996,8.0,72.0,2.31,60.0,995.0,6.36,broken clouds,Clouds,6.87,6.06,52.0,4095.0,7.87,-1.5099999999999998
7,0.0,2.39,68.0,995.0,6.38,2021-12-08 18:00:00,clear sky,Clear,6.69,-3.8,8.0,76.0,2.01,60.0,995.0,6.0,broken clouds,Clouds,6.4,5.81,52.0,4095.0,7.63,-1.63
8,40.0,2.18,69.0,996.0,6.35,2021-12-08 19:00:00,scattered clouds,Clouds,7.2,-3.3000000000000003,6.670000000000002,100.0,2.15,59.0,996.0,6.07,overcast clouds,Clouds,6.27,5.45,52.33,4095.0,7.3,-1.2299999999999995
9,0.0,1.96,71.0,997.0,6.04,2021-12-08 20:00:00,clear sky,Clear,6.69,-3.0800000000000005,4.670000000000002,100.0,2.11,58.0,996.0,6.12,light rain,Rain,6.54,5.19,53.33,4095.0,7.03,-0.9100000000000001
10,75.0,1.96,76.0,997.0,5.89,2021-12-08 21:00:00,light rain,Rain,6.17,-4.05,12.5,100.0,0.99,66.0,995.0,5.5,light rain,Rain,7.49,5.04,53.5,4095.0,6.9,-1.4000000000000004
11,75.0,1.71,76.0,998.0,5.85,2021-12-08 23:00:00,broken clouds,Clouds,6.69,-3.99,17.0,100.0,0.67,81.0,996.0,5.02,overcast clouds,Clouds,6.65,4.66,64.0,4095.0,6.3,-1.2800000000000002
12,75.0,1.52,76.0,998.0,5.7,2021-12-09 00:00:00,broken clouds,Clouds,6.69,-3.77,26.0,100.0,0.82,89.0,996.0,4.81,overcast clouds,Clouds,5.61,4.59,63.0,4095.0,6.27,-1.46
13,75.0,1.85,76.0,999.0,5.64,2021-12-09 01:00:00,broken clouds,Clouds,5.66,-2.74,23.0,100.0,1.71,85.0,996.0,5.43,overcast clouds,Clouds,5.36,4.45,62.0,4095.0,6.17,-0.7400000000000002
14,75.0,2.21,75.0,999.0,5.75,2021-12-09 02:00:00,broken clouds,Clouds,5.14,-2.28,17.0,100.0,2.1,79.0,996.0,5.83,overcast clouds,Clouds,5.62,4.38,62.0,4095.0,6.1,-0.2699999999999996
15,75.0,2.31,74.0,999.0,5.64,2021-12-09 03:00:00,broken clouds,Clouds,4.63,-1.75,13.329999999999998,100.0,2.54,76.0,996.0,6.07,overcast clouds,Clouds,5.31,4.29,62.67,4095.0,6.0,0.07000000000000028
16,20.0,1.0,75.0,1000.0,5.43,2021-12-09 04:00:00,few clouds,Clouds,7.2,-1.96,3.6700000000000017,100.0,2.42,67.0,999.0,6.09,overcast clouds,Clouds,5.65,4.38,63.33,4095.0,6.07,0.019999999999999574
17,20.0,0.75,76.0,1000.0,5.1,2021-12-09 05:00:00,few clouds,Clouds,6.69,-1.7899999999999996,5.670000000000002,100.0,2.56,68.0,999.0,6.05,overcast clouds,Clouds,5.2,4.35,62.33,4095.0,6.07,-0.020000000000000462
18,100.0,0.48,79.0,1001.0,4.56,2021-12-09 06:00:00,overcast clouds,Clouds,5.66,-3.91,14.0,100.0,0.5,74.0,1002.0,4.02,overcast clouds,Clouds,4.27,4.41,60.0,4095.0,6.17,-2.1500000000000004
19,95.0,0.09,81.0,1002.0,3.85,2021-12-09 07:00:00,overcast clouds,Clouds,4.63,-3.65,16.67,91.0,0.52,76.0,1002.0,3.9,overcast clouds,Clouds,3.98,4.17,59.33,4095.0,5.97,-2.07
20,94.0,0.42,83.0,1002.0,3.62,2021-12-09 08:00:00,overcast clouds,Clouds,3.6,-3.82,17.33,77.0,0.27,78.0,1002.0,3.57,broken clouds,Clouds,3.74,4.09,60.67,4095.0,5.87,-2.3000000000000003
21,75.0,0.4,82.0,1003.0,4.1,2021-12-09 09:00:00,broken clouds,Clouds,4.63,-3.24,14.670000000000002,65.0,0.72,76.0,1002.0,3.81,broken clouds,Clouds,3.49,3.96,61.33,4095.0,5.73,-1.9200000000000004
22,0.0,2.34,81.0,1003.0,4.58,2021-12-09 10:00:00,clear sky,Clear,2.57,-2.01,10.0,74.0,1.81,73.0,1003.0,4.52,broken clouds,Clouds,3.16,3.82,63.0,4095.0,5.57,-1.0500000000000007
23,0.0,2.67,78.0,1003.0,5.71,2021-12-09 11:00:00,clear sky,Clear,4.12,-0.4299999999999997,4.670000000000002,64.0,3.37,68.0,1002.0,5.93,broken clouds,Clouds,3.38,3.8,63.33,4095.0,5.53,0.39999999999999947
24,0.0,3.62,73.0,1003.0,7.04,2021-12-09 12:00:00,clear sky,Clear,5.66,0.7000000000000002,-0.3299999999999983,69.0,4.15,65.0,1001.0,6.57,broken clouds,Clouds,3.37,3.45,65.33,4095.0,5.17,1.4000000000000004
25,0.0,4.81,71.0,1002.0,7.65,2021-12-09 13:00:00,clear sky,Clear,4.63,1.62,-3.3299999999999983,98.0,4.71,64.0,1001.0,7.03,overcast clouds,Clouds,3.36,3.09,67.33,4095.0,4.8,2.2300000000000004
26,0.0,5.32,68.0,1002.0,8.06,2021-12-09 14:00:00,clear sky,Clear,4.63,1.9399999999999995,-4.670000000000002,92.0,4.85,64.0,1001.0,7.01,overcast clouds,Clouds,3.1,2.91,68.67,4095.0,4.6,2.41
27,62.0,4.97,71.0,1001.0,7.58,2021-12-09 15:00:00,broken clouds,Clouds,4.12,1.6800000000000006,-3.0,66.0,4.44,67.0,1000.0,6.57,broken clouds,Clouds,2.93,2.76,70.0,4095.0,4.43,2.1400000000000006
28,0.0,4.31,75.0,1000.0,6.55,2021-12-09 16:00:00,clear sky,Clear,3.09,0.98,3.0,54.0,3.62,74.0,1000.0,5.7,broken clouds,Clouds,2.64,2.64,71.0,4095.0,4.3,1.4000000000000004
29,75.0,4.35,77.0,999.0,6.27,2021-12-09 17:00:00,broken clouds,Clouds,2.57,0.6099999999999999,8.0,58.0,3.29,79.0,1000.0,5.16,broken clouds,Clouds,2.27,2.68,71.0,4095.0,4.33,0.8300000000000001
30,75.0,4.28,79.0,998.0,6.53,2021-12-09 18:00:00,broken clouds,Clouds,3.09,0.27,9.329999999999998,54.0,3.24,79.0,1000.0,4.88,broken clouds,Clouds,1.99,2.97,69.67,4095.0,4.63,0.25
31,90.0,4.54,85.0,996.0,6.74,2021-12-09 19:00:00,overcast clouds,Clouds,3.09,-0.08000000000000007,8.329999999999998,100.0,3.09,77.0,999.0,4.94,overcast clouds,Clouds,2.21,3.17,68.67,4095.0,4.83,0.11000000000000032
32,90.0,4.78,91.0,995.0,7.2,2021-12-09 20:00:00,overcast clouds,Clouds,3.6,-0.20999999999999996,7.0,100.0,3.23,75.0,998.0,5.31,overcast clouds,Clouds,2.55,3.44,68.0,4095.0,5.1,0.20999999999999996
33,75.0,5.3,91.0,994.0,7.63,2021-12-09 21:00:00,light rain,Rain,3.6,-0.050000000000000266,13.0,100.0,3.57,81.0,997.0,5.62,light rain,Rain,2.58,3.62,68.0,4095.0,5.27,0.35000000000000053
34,75.0,5.24,93.0,992.0,7.8,2021-12-09 22:00:00,broken clouds,Clouds,4.12,-0.31999999999999984,27.33,100.0,3.69,93.0,994.0,6.03,light rain,Rain,5.45,4.01,65.67,4095.0,5.7,0.33000000000000007
35,90.0,5.41,93.0,991.0,7.94,2021-12-09 23:00:00,heavy intensity rain,Rain,4.12,0.2599999999999998,28.0,100.0,4.75,94.0,993.0,7.82,light rain,Rain,5.27,4.49,66.0,4095.0,6.1,1.7200000000000006
36,75.0,5.72,95.0,989.0,7.97,2021-12-10 00:00:00,broken clouds,Clouds,3.6,-0.020000000000000462,34.33,100.0,5.59,97.0,992.0,7.89,light rain,Rain,3.65,5.61,62.67,4095.0,7.2,0.6899999999999995
37,75.0,6.31,94.0,988.0,7.92,2021-12-10 01:00:00,broken clouds,Clouds,2.57,-1.7200000000000006,31.0,100.0,4.51,88.0,992.0,7.99,light rain,Rain,6.52,6.23,57.0,4095.0,7.9,0.08999999999999986
38,90.0,4.32,94.0,988.0,7.6,2021-12-10 02:00:00,heavy intensity rain,Rain,5.66,-2.88,30.33,100.0,3.58,86.0,992.0,7.14,light rain,Rain,6.08,6.46,55.67,4095.0,8.13,-0.9900000000000011
39,75.0,3.05,92.0,989.0,7.15,2021-12-10 03:00:00,moderate rain,Rain,7.72,-3.1700000000000004,23.0,100.0,3.56,78.0,993.0,7.33,light rain,Rain,6.84,6.73,55.0,4095.0,8.4,-1.0700000000000003
40,75.0,3.05,90.0,991.0,6.59,2021-12-10 04:00:00,broken clouds,Clouds,5.66,-3.95,23.0,100.0,2.55,79.0,993.0,6.68,overcast clouds,Clouds,7.38,6.5,56.0,4095.0,8.17,-1.4900000000000002
41,75.0,1.99,85.0,991.0,6.2,2021-12-10 05:00:00,broken clouds,Clouds,7.2,-4.17,20.0,100.0,2.1,77.0,994.0,6.21,overcast clouds,Clouds,6.91,6.27,57.0,4095.0,7.93,-1.7199999999999998
42,40.0,1.1,82.0,992.0,5.77,2021-12-10 06:00:00,scattered clouds,Clouds,8.23,-4.77,14.670000000000002,100.0,1.95,72.0,995.0,6.27,overcast clouds,Clouds,7.6,6.72,57.33,4095.0,8.33,-2.0600000000000005
43,40.0,1.13,82.0,994.0,5.07,2021-12-10 07:00:00,scattered clouds,Clouds,5.66,-5.57,14.329999999999998,100.0,1.64,71.0,996.0,5.93,overcast clouds,Clouds,7.19,7.21,56.67,4095.0,8.8,-2.870000000000001
44,100.0,0.49,82.0,995.0,4.57,2021-12-10 08:00:00,overcast clouds,Clouds,5.66,-7.29,18.33,97.0,0.6,73.0,997.0,5.12,overcast clouds,Clouds,7.2,7.89,54.67,4095.0,9.43,-4.31
45,0.0,-0.08,82.0,996.0,4.45,2021-12-10 09:00:00,clear sky,Clear,6.69,-5.369999999999999,12.670000000000002,67.0,0.23,75.0,999.0,4.56,broken clouds,Clouds,6.25,5.6,62.33,4095.0,7.2,-2.6400000000000006
46,75.0,0.48,81.0,997.0,5.03,2021-12-10 10:00:00,broken clouds,Clouds,7.2,-4.69,7.329999999999998,60.0,0.88,71.0,999.0,5.28,broken clouds,Clouds,6.99,5.57,63.67,4095.0,7.13,-1.8499999999999996
47,20.0,1.29,77.0,998.0,5.91,2021-12-10 11:00:00,few clouds,Clouds,8.23,-2.17,7.329999999999998,62.0,3.2,72.0,999.0,5.52,light rain,Rain,6.52,5.37,64.67,4095.0,6.93,-1.4100000000000001
48,20.0,2.13,74.0,999.0,6.56,2021-12-10 12:00:00,few clouds,Clouds,8.23,-3.26,0.0,42.0,2.24,67.0,1000.0,6.33,scattered clouds,Clouds,6.94,5.5,67.0,3546.0,7.0,-0.6699999999999999
49,20.0,2.49,71.0,1000.0,7.05,2021-12-10 13:00:00,few clouds,Clouds,9.26,-5.74,2.6700000000000017,5.0,2.61,65.0,1001.0,6.63,clear sky,Clear,6.98,8.35,62.33,4095.0,9.7,-3.0699999999999994
50,20.0,2.82,70.0,1000.0,7.09,2021-12-10 14:00:00,few clouds,Clouds,8.23,-5.440000000000001,3.3299999999999983,5.0,2.61,64.0,1002.0,6.56,clear sky,Clear,6.73,8.05,60.67,4095.0,9.47,-2.910000000000001
51,20.0,2.89,70.0,1001.0,6.9,2021-12-10 15:00:00,few clouds,Clouds,7.2,-5.36,-5.329999999999998,5.0,2.25,65.0,1003.0,6.24,clear sky,Clear,6.58,7.61,70.33,3509.67,8.83,-2.59
52,40.0,2.46,71.0,1002.0,6.57,2021-12-10 16:00:00,scattered clouds,Clouds,7.2,-6.340000000000001,-6.670000000000002,5.0,1.8,67.0,1004.0,5.83,clear sky,Clear,6.4,8.14,73.67,2226.0,9.23,-3.4000000000000004
53,40.0,2.6,73.0,1004.0,6.24,2021-12-10 17:00:00,scattered clouds,Clouds,5.66,-4.9799999999999995,-9.329999999999998,4.0,1.54,70.0,1005.0,5.57,clear sky,Clear,6.19,6.52,79.33,3897.33,7.63,-2.0599999999999996
54,20.0,2.02,76.0,1005.0,5.6,2021-12-10 18:00:00,few clouds,Clouds,5.14,-5.4799999999999995,-11.329999999999998,4.0,1.24,70.0,1006.0,5.24,clear sky,Clear,5.91,6.72,81.33,3589.33,7.77,-2.5299999999999994
55,20.0,2.0,78.0,1006.0,4.92,2021-12-10 19:00:00,few clouds,Clouds,3.6,-5.890000000000001,-12.329999999999998,4.0,0.8,72.0,1007.0,4.77,clear sky,Clear,5.55,6.69,84.33,1841.0,7.67,-2.9000000000000004
56,20.0,1.11,82.0,1007.0,4.45,2021-12-10 20:00:00,few clouds,Clouds,4.12,-6.35,-11.670000000000002,5.0,0.52,74.0,1008.0,4.45,clear sky,Clear,5.27,6.87,85.67,1792.33,7.8,-3.3499999999999996
57,20.0,0.68,82.0,1008.0,4.1,2021-12-10 21:00:00,few clouds,Clouds,4.12,-6.56,-9.329999999999998,10.0,0.45,76.0,1007.0,4.36,clear sky,Clear,5.32,7.01,85.33,2450.67,7.93,-3.5699999999999994
58,0.0,0.42,82.0,1009.0,3.62,2021-12-10 22:00:00,clear sky,Clear,3.6,-6.85,-9.0,5.0,0.29,77.0,1010.0,4.02,clear sky,Clear,4.65,7.14,86.0,2356.33,8.03,-4.01
59,0.0,0.46,84.0,1009.0,2.99,2021-12-10 23:00:00,clear sky,Clear,2.57,-7.55,-5.329999999999998,4.0,0.3,80.0,1012.0,3.69,clear sky,Clear,3.92,7.85,85.33,2698.67,8.7,-5.01
60,2.0,-1.56,86.0,1011.0,2.52,2021-12-11 00:00:00,clear sky,Clear,4.63,-8.31,1.6700000000000017,4.0,0.33,82.0,1013.0,3.56,clear sky,Clear,3.62,8.64,80.33,2608.0,9.53,-5.969999999999999
61,4.0,-0.97,87.0,1012.0,2.48,2021-12-11 01:00:00,clear sky,Clear,3.6,-7.8999999999999995,1.0,6.0,0.28,83.0,1013.0,3.37,clear sky,Clear,3.36,8.18,82.0,3071.67,9.5,-6.13
62,8.0,-0.82,87.0,1012.0,2.29,2021-12-11 02:00:00,clear sky,Clear,3.09,-7.35,3.0,9.0,0.27,85.0,1014.0,3.2,clear sky,Clear,3.1,7.62,82.0,2832.33,8.57,-5.37
63,12.0,-1.76,89.0,1013.0,1.83,2021-12-11 03:00:00,few clouds,Clouds,3.6,-6.88,0.0,38.0,0.29,86.0,1014.0,3.1,scattered clouds,Clouds,2.92,7.17,86.0,2349.0,8.07,-4.970000000000001
64,17.0,-1.07,90.0,1014.0,2.08,2021-12-11 04:00:00,few clouds,Clouds,3.09,-6.63,2.6700000000000017,36.0,0.24,87.0,1015.0,2.97,scattered clouds,Clouds,2.79,6.87,84.33,2484.33,7.83,-4.859999999999999
65,29.0,-1.46,90.0,1014.0,2.08,2021-12-11 05:00:00,scattered clouds,Clouds,3.6,-6.3100000000000005,2.3299999999999983,32.0,0.3,88.0,1015.0,2.92,scattered clouds,Clouds,2.65,6.61,85.67,2818.33,7.57,-4.65
66,36.0,-1.01,90.0,1014.0,2.13,2021-12-11 06:00:00,scattered clouds,Clouds,3.09,-6.14,2.3299999999999983,32.0,0.19,87.0,1016.0,2.67,scattered clouds,Clouds,2.45,6.33,84.67,3513.67,7.33,-4.66
67,98.0,-1.03,90.0,1015.0,2.43,2021-12-11 07:00:00,overcast clouds,Clouds,3.6,-5.57,4.0,68.0,0.42,87.0,1017.0,2.61,broken clouds,Clouds,2.15,5.99,83.0,3635.0,7.07,-4.460000000000001
68,99.0,-0.04,89.0,1016.0,2.57,2021-12-11 08:00:00,overcast clouds,Clouds,2.57,-5.83,16.67,77.0,0.61,87.0,1018.0,2.59,broken clouds,Clouds,1.96,6.44,70.33,4095.0,7.6,-5.01
69,93.0,0.23,90.0,1017.0,2.8,2021-12-11 09:00:00,overcast clouds,Clouds,2.57,-5.109999999999999,19.0,77.0,1.44,85.0,1018.0,3.0,broken clouds,Clouds,1.67,6.55,66.0,4095.0,7.77,-4.77
70,0.0,4.18,90.0,1017.0,4.18,2021-12-11 10:00:00,clear sky,Clear,0.45,-6.95,4.329999999999998,66.0,2.55,81.0,1019.0,3.97,broken clouds,Clouds,1.67,9.5,76.67,4095.0,10.4,-6.43
71,0.0,3.2,86.0,1017.0,5.9,2021-12-11 11:00:00,clear sky,Clear,3.6,-6.239999999999999,0.0,64.0,3.2,77.0,1019.0,5.01,broken clouds,Clouds,2.18,9.44,77.0,4095.0,10.33,-5.32
72,0.0,5.79,79.0,1017.0,7.13,2021-12-11 12:00:00,clear sky,Clear,2.06,-3.3,-7.0,64.0,3.84,74.0,1019.0,5.86,broken clouds,Clouds,2.6,7.14,81.0,3972.67,8.17,-2.3099999999999996
73,100.0,5.44,78.0,1017.0,7.49,2021-12-11 13:00:00,overcast clouds,Clouds,3.09,-1.9400000000000004,-6.0,100.0,4.6,72.0,1018.0,6.84,overcast clouds,Clouds,3.17,6.54,78.0,3947.0,7.23,-0.39000000000000057
74,0.0,6.41,80.0,1017.0,7.66,2021-12-11 14:00:00,clear sky,Clear,2.06,-1.7199999999999998,4.329999999999998,100.0,4.69,78.0,1018.0,6.84,overcast clouds,Clouds,3.04,6.41,73.67,3950.0,7.33,-0.4900000000000002
75,75.0,5.57,83.0,1016.0,7.6,2021-12-11 15:00:00,broken clouds,Clouds,3.09,-2.0600000000000005,17.33,100.0,4.31,86.0,1018.0,6.26,light rain,Rain,2.6,6.37,68.67,4095.0,7.57,-1.3100000000000005
76,75.0,5.52,86.0,1016.0,7.56,2021-12-11 16:00:00,light rain,Rain,3.09,-2.7700000000000005,26.67,100.0,4.14,88.0,1018.0,6.32,light rain,Rain,2.93,6.91,61.33,4095.0,8.1,-1.7799999999999994
77,75.0,5.5,89.0,1016.0,7.54,2021-12-11 17:00:00,moderate rain,Rain,3.09,-2.76,23.33,100.0,4.01,91.0,1018.0,6.55,light rain,Rain,3.57,6.77,67.67,4095.0,8.13,-1.580000000000001
78,75.0,5.93,93.0,1016.0,7.9,2021-12-11 18:00:00,light intensity drizzle,Drizzle,3.09,-3.48,18.33,100.0,3.47,90.0,1018.0,5.87,moderate rain,Rain,3.12,6.95,71.67,4095.0,8.2,-2.329999999999999
79,75.0,6.47,95.0,1016.0,8.59,2021-12-11 19:00:00,light intensity drizzle,Drizzle,3.6,-3.4699999999999998,18.67,100.0,3.45,92.0,1018.0,6.35,light rain,Rain,4.12,6.92,73.33,4095.0,8.13,-1.7800000000000011
80,75.0,7.15,94.0,1016.0,9.35,2021-12-11 20:00:00,mist,Mist,4.12,-2.5200000000000005,19.0,100.0,4.06,95.0,1018.0,6.96,light rain,Rain,4.4,6.58,76.0,3187.67,7.77,-0.8099999999999996
81,90.0,7.85,95.0,1016.0,9.92,2021-12-11 21:00:00,overcast clouds,Clouds,4.12,-1.4300000000000006,18.33,100.0,5.05,96.0,1017.0,8.08,light rain,Rain,5.34,6.48,77.67,4095.0,7.63,0.4500000000000002
82,90.0,9.9,95.0,1016.0,10.33,2021-12-11 22:00:00,overcast clouds,Clouds,3.09,-0.41000000000000014,17.33,100.0,6.16,97.0,1017.0,8.86,light rain,Rain,5.0,6.57,79.67,4095.0,7.67,1.1899999999999995
83,90.0,10.31,95.0,1016.0,10.7,2021-12-11 23:00:00,overcast clouds,Clouds,2.57,1.1600000000000001,15.329999999999998,100.0,7.86,96.0,1017.0,9.94,light rain,Rain,4.16,6.7,80.67,4095.0,7.77,2.17
84,90.0,10.41,95.0,1016.0,10.79,2021-12-12 00:00:00,overcast clouds,Clouds,4.12,2.8899999999999997,12.670000000000002,100.0,9.68,95.0,1017.0,10.13,light rain,Rain,4.08,6.79,82.33,3630.33,7.8,2.330000000000001
85,100.0,10.49,94.0,1016.0,10.89,2021-12-12 01:00:00,overcast clouds,Clouds,4.63,2.8200000000000003,9.670000000000002,100.0,9.65,94.0,1017.0,10.13,overcast clouds,Clouds,3.59,6.83,84.33,2525.67,7.8,2.330000000000001
86,20.0,10.57,93.0,1017.0,10.99,2021-12-12 02:00:00,light rain,Rain,4.63,2.460000000000001,9.0,100.0,9.56,95.0,1018.0,10.02,light rain,Rain,3.51,7.1,86.0,1680.0,8.0,2.0199999999999996
87,90.0,10.61,94.0,1017.0,11.0,2021-12-12 03:00:00,overcast clouds,Clouds,3.6,2.1900000000000004,8.329999999999998,100.0,9.64,95.0,1018.0,10.09,overcast clouds,Clouds,3.68,7.45,86.67,1692.33,8.3,1.7899999999999991
88,75.0,10.99,95.0,1017.0,11.32,2021-12-12 04:00:00,broken clouds,Clouds,4.12,2.030000000000001,8.0,100.0,9.71,95.0,1018.0,10.16,light rain,Rain,3.86,7.68,87.0,1708.0,8.5,1.6600000000000001
89,90.0,11.2,95.0,1017.0,11.51,2021-12-12 05:00:00,overcast clouds,Clouds,4.63,1.8000000000000007,7.0,100.0,9.81,94.0,1018.0,10.27,light rain,Rain,3.67,8.01,87.0,1604.0,8.8,1.4699999999999989
90,90.0,11.49,95.0,1018.0,11.78,2021-12-12 06:00:00,overcast clouds,Clouds,5.14,1.5500000000000007,6.0,99.0,10.0,93.0,1019.0,10.47,overcast clouds,Clouds,3.44,8.45,87.0,2004.67,9.2,1.2700000000000014
91,90.0,11.64,95.0,1018.0,11.91,2021-12-12 07:00:00,overcast clouds,Clouds,4.63,1.2200000000000006,5.0,100.0,10.09,93.0,1020.0,10.55,overcast clouds,Clouds,3.51,8.87,88.0,2099.0,9.57,0.9800000000000004
92,90.0,11.56,94.0,1019.0,11.86,2021-12-12 08:00:00,overcast clouds,Clouds,5.14,0.8800000000000008,7.0,100.0,9.9,95.0,1020.0,10.33,overcast clouds,Clouds,3.41,9.02,88.0,2326.0,9.7,0.6300000000000008
93,75.0,11.53,92.0,1019.0,11.88,2021-12-12 09:00:00,broken clouds,Clouds,3.6,1.1100000000000012,7.0,99.0,10.31,95.0,1021.0,10.7,overcast clouds,Clouds,3.54,9.2,88.0,2212.33,9.87,0.8300000000000001
94,40.0,11.79,91.0,1020.0,12.14,2021-12-12 10:00:00,scattered clouds,Clouds,4.12,1.3399999999999999,6.0,100.0,10.76,94.0,1021.0,11.14,overcast clouds,Clouds,3.69,9.42,88.0,2176.33,10.07,1.0700000000000003
95,75.0,12.34,91.0,1020.0,12.64,2021-12-12 11:00:00,broken clouds,Clouds,3.6,1.33,-8.0,84.0,10.94,80.0,1021.0,11.63,broken clouds,Clouds,4.13,9.61,88.0,2107.67,10.23,1.4000000000000004
96,75.0,12.78,89.0,1020.0,13.09,2021-12-12 12:00:00,broken clouds,Clouds,4.63,1.8800000000000008,-13.0,71.0,11.71,75.0,1021.0,12.45,broken clouds,Clouds,4.29,9.83,88.0,2033.67,10.43,2.0199999999999996
97,75.0,12.84,87.0,1020.0,13.19,2021-12-12 13:00:00,broken clouds,Clouds,5.14,1.75,-13.0,98.0,11.54,75.0,1021.0,12.3,overcast clouds,Clouds,3.74,9.79,88.0,1947.67,10.4,1.9000000000000004
98,75.0,12.92,88.0,1020.0,13.24,2021-12-12 14:00:00,broken clouds,Clouds,4.12,1.459999999999999,1.3299999999999983,99.0,11.03,82.0,1021.0,11.67,overcast clouds,Clouds,3.2,9.57,80.67,3400.0,10.37,1.3000000000000007
99,75.0,12.41,87.0,1020.0,12.8,2021-12-12 15:00:00,broken clouds,Clouds,5.66,1.7200000000000006,12.0,99.0,11.01,89.0,1021.0,11.48,overcast clouds,Clouds,3.18,9.29,77.0,4095.0,10.2,1.2800000000000011
100,75.0,11.87,89.0,1020.0,12.26,2021-12-12 16:00:00,broken clouds,Clouds,5.66,1.8499999999999996,12.0,99.0,11.03,89.0,1021.0,11.5,overcast clouds,Clouds,3.57,9.18,77.0,4095.0,10.1,1.4000000000000004
101,75.0,11.35,89.0,1021.0,11.79,2021-12-12 18:00:00,broken clouds,Clouds,4.12,0.7200000000000006,-3.0,100.0,10.73,85.0,1021.0,11.32,overcast clouds,Clouds,3.67,10.01,88.0,2039.67,10.6,0.7200000000000006
102,75.0,11.13,87.0,1021.0,11.64,2021-12-12 19:00:00,broken clouds,Clouds,5.66,0.5999999999999996,-7.670000000000002,100.0,10.73,80.0,1022.0,11.44,overcast clouds,Clouds,4.09,10.13,87.67,2763.67,10.77,0.6699999999999999
103,75.0,11.02,86.0,1021.0,11.56,2021-12-12 20:00:00,broken clouds,Clouds,5.14,-0.25,-7.0,99.0,10.45,78.0,1022.0,11.23,overcast clouds,Clouds,4.2,10.7,85.0,3387.67,11.4,-0.16999999999999993
104,90.0,10.9,86.0,1022.0,11.45,2021-12-12 21:00:00,overcast clouds,Clouds,4.63,-0.47000000000000064,-11.329999999999998,99.0,10.5,73.0,1022.0,11.4,overcast clouds,Clouds,4.77,10.97,84.33,4095.0,11.63,-0.23000000000000043
105,90.0,10.92,84.0,1022.0,11.52,2021-12-12 22:00:00,overcast clouds,Clouds,4.12,-1.299999999999999,-10.0,100.0,10.38,74.0,1022.0,11.27,overcast clouds,Clouds,4.73,11.68,84.0,4095.0,12.27,-1.0
106,90.0,10.95,83.0,1022.0,11.57,2021-12-12 23:00:00,overcast clouds,Clouds,4.63,-1.83,-1.3299999999999983,100.0,10.27,78.0,1022.0,11.07,overcast clouds,Clouds,4.74,12.1,79.33,4095.0,12.7,-1.629999999999999
107,90.0,10.87,84.0,1022.0,11.47,2021-12-13 00:00:00,overcast clouds,Clouds,5.66,-1.1399999999999988,1.3299999999999983,100.0,10.23,81.0,1022.0,10.96,overcast clouds,Clouds,4.68,11.37,79.67,4095.0,12.03,-1.0699999999999985
108,90.0,10.65,84.0,1022.0,11.27,2021-12-13 01:00:00,overcast clouds,Clouds,4.63,-1.1100000000000012,1.0,100.0,10.19,81.0,1022.0,10.93,overcast clouds,Clouds,4.48,11.3,80.0,4095.0,11.97,-1.040000000000001
109,75.0,10.38,88.0,1022.0,10.93,2021-12-13 02:00:00,broken clouds,Clouds,4.63,-0.9699999999999989,2.0,100.0,10.13,81.0,1022.0,10.87,overcast clouds,Clouds,4.32,11.1,79.0,4095.0,11.8,-0.9300000000000015
110,75.0,10.08,90.0,1022.0,10.61,2021-12-13 03:00:00,broken clouds,Clouds,5.14,-1.040000000000001,3.3299999999999983,99.0,9.94,82.0,1022.0,10.68,overcast clouds,Clouds,4.16,10.98,78.67,4095.0,11.7,-1.0199999999999996
111,20.0,9.91,90.0,1022.0,10.46,2021-12-13 04:00:00,few clouds,Clouds,3.6,-1.3399999999999999,4.670000000000002,83.0,9.48,83.0,1022.0,10.23,broken clouds,Clouds,3.68,10.82,78.33,4095.0,11.57,-1.3399999999999999
112,90.0,9.88,90.0,1022.0,10.43,2021-12-13 05:00:00,overcast clouds,Clouds,4.63,-2.5700000000000003,8.329999999999998,87.0,8.28,85.0,1022.0,9.92,overcast clouds,Clouds,3.25,10.85,76.67,4095.0,11.63,-1.7100000000000009
113,40.0,9.92,91.0,1022.0,10.44,2021-12-13 06:00:00,scattered clouds,Clouds,3.6,-2.5700000000000003,13.0,100.0,8.19,89.0,1022.0,9.75,overcast clouds,Clouds,3.03,10.76,76.0,4095.0,11.57,-1.8200000000000003
114,75.0,10.26,92.0,1022.0,10.73,2021-12-13 07:00:00,broken clouds,Clouds,3.09,-0.6500000000000004,7.0,100.0,10.15,83.0,1021.0,10.84,overcast clouds,Clouds,4.27,10.8,76.0,4095.0,11.6,-0.7599999999999998
115,75.0,10.25,91.0,1023.0,10.74,2021-12-13 08:00:00,broken clouds,Clouds,3.09,-0.75,8.670000000000002,100.0,10.14,84.0,1022.0,10.81,overcast clouds,Clouds,3.84,10.89,75.33,4095.0,11.7,-0.8899999999999988
116,75.0,10.38,91.0,1023.0,10.86,2021-12-13 09:00:00,broken clouds,Clouds,3.6,-0.7800000000000011,8.329999999999998,100.0,10.2,83.0,1022.0,10.89,overcast clouds,Clouds,3.68,10.98,74.67,4095.0,11.8,-0.9100000000000001
117,75.0,10.55,90.0,1023.0,11.04,2021-12-13 10:00:00,light intensity drizzle,Drizzle,3.6,-0.6699999999999999,8.0,100.0,10.34,82.0,1023.0,11.04,overcast clouds,Clouds,3.59,11.01,74.0,4095.0,11.83,-0.7900000000000009
118,75.0,10.74,87.0,1024.0,11.28,2021-12-13 11:00:00,light intensity drizzle,Drizzle,5.14,-0.3200000000000003,3.3299999999999983,100.0,10.52,78.0,1023.0,11.3,overcast clouds,Clouds,3.75,10.84,74.67,4095.0,11.67,-0.3699999999999992
119,75.0,10.8,85.0,1024.0,11.39,2021-12-13 12:00:00,broken clouds,Clouds,4.12,0.3800000000000008,-2.0,100.0,11.15,73.0,1023.0,11.99,overcast clouds,Clouds,3.93,10.77,75.0,4095.0,11.6,0.39000000000000057
120,75.0,10.71,86.0,1024.0,11.28,2021-12-13 13:00:00,light intensity drizzle,Drizzle,5.14,0.5800000000000001,-2.6700000000000017,100.0,11.22,73.0,1022.0,12.05,overcast clouds,Clouds,3.94,10.64,75.67,4095.0,11.47,0.5800000000000001
121,75.0,10.56,87.0,1023.0,11.12,2021-12-13 14:00:00,light intensity drizzle,Drizzle,3.6,0.5,0.3299999999999983,100.0,10.9,78.0,1022.0,11.64,overcast clouds,Clouds,3.96,10.4,77.67,4095.0,11.2,0.4400000000000013
122,75.0,10.26,88.0,1023.0,10.82,2021-12-13 15:00:00,broken clouds,Clouds,4.63,0.05999999999999872,3.0,100.0,10.19,83.0,1023.0,10.88,overcast clouds,Clouds,3.44,10.13,80.0,4095.0,10.9,-0.019999999999999574
123,75.0,9.96,88.0,1023.0,10.55,2021-12-13 16:00:00,broken clouds,Clouds,4.12,-0.7099999999999991,7.0,100.0,9.38,88.0,1023.0,10.02,overcast clouds,Clouds,3.28,10.09,81.0,4095.0,10.83,-0.8100000000000005
124,75.0,9.65,88.0,1024.0,10.27,2021-12-13 17:00:00,broken clouds,Clouds,4.12,-1.7800000000000002,6.329999999999998,100.0,7.86,90.0,1023.0,9.57,overcast clouds,Clouds,3.23,9.64,83.67,4095.0,10.37,-0.7999999999999989
125,75.0,9.32,86.0,1024.0,10.02,2021-12-13 18:00:00,broken clouds,Clouds,4.63,-2.4899999999999993,6.670000000000002,98.0,7.2,91.0,1023.0,9.28,overcast clouds,Clouds,3.82,9.69,84.33,4095.0,10.4,-1.120000000000001
126,75.0,7.58,87.0,1024.0,9.88,2021-12-13 19:00:00,broken clouds,Clouds,4.63,-2.829999999999999,10.0,100.0,7.21,92.0,1023.0,9.18,overcast clouds,Clouds,3.56,10.04,82.0,4095.0,10.77,-1.5899999999999999
127,90.0,7.24,88.0,1025.0,9.76,2021-12-13 20:00:00,overcast clouds,Clouds,5.14,-2.6499999999999995,9.0,100.0,7.36,91.0,1023.0,9.18,overcast clouds,Clouds,3.28,10.01,82.0,4095.0,10.73,-1.5500000000000007
128,90.0,8.24,88.0,1025.0,9.82,2021-12-13 21:00:00,overcast clouds,Clouds,3.09,-2.1800000000000006,10.0,100.0,7.64,92.0,1023.0,9.41,overcast clouds,Clouds,3.29,9.82,82.0,4095.0,10.57,-1.1600000000000001
129,75.0,8.0,87.0,1025.0,9.62,2021-12-13 22:00:00,broken clouds,Clouds,3.09,-1.8000000000000007,9.0,100.0,7.84,91.0,1023.0,9.64,overcast clouds,Clouds,3.44,9.64,82.0,4095.0,10.4,-0.7599999999999998
130,75.0,7.98,88.0,1025.0,9.6,2021-12-13 23:00:00,broken clouds,Clouds,3.09,-1.3200000000000003,6.0,100.0,8.16,89.0,1023.0,9.83,overcast clouds,Clouds,3.27,9.48,83.0,4095.0,10.23,-0.40000000000000036
131,75.0,8.05,89.0,1025.0,9.66,2021-12-14 00:00:00,broken clouds,Clouds,3.09,-1.3499999999999996,5.670000000000002,100.0,8.41,88.0,1023.0,10.0,overcast clouds,Clouds,3.18,9.76,82.33,4095.0,10.5,-0.5
132,90.0,8.25,91.0,1026.0,9.56,2021-12-14 01:00:00,overcast clouds,Clouds,2.57,-1.9100000000000001,7.0,100.0,8.08,90.0,1023.0,9.75,overcast clouds,Clouds,3.24,9.99,83.0,4095.0,10.7,-0.9499999999999993
133,75.0,8.06,91.0,1025.0,9.67,2021-12-14 02:00:00,broken clouds,Clouds,3.09,-2.1500000000000004,10.0,100.0,7.99,93.0,1023.0,9.4,overcast clouds,Clouds,2.68,10.14,83.0,4095.0,10.83,-1.4299999999999997
134,90.0,8.78,92.0,1026.0,9.69,2021-12-14 03:00:00,overcast clouds,Clouds,2.06,-2.3599999999999994,12.329999999999998,100.0,7.68,96.0,1024.0,9.29,overcast clouds,Clouds,2.96,10.04,83.67,4095.0,10.73,-1.4400000000000013
135,90.0,9.51,92.0,1026.0,9.91,2021-12-14 04:00:00,overcast clouds,Clouds,1.54,-2.3000000000000007,10.670000000000002,100.0,7.68,96.0,1024.0,9.44,overcast clouds,Clouds,3.28,9.98,85.33,4095.0,10.63,-1.1900000000000013
136,90.0,8.42,92.0,1026.0,9.97,2021-12-14 05:00:00,overcast clouds,Clouds,3.09,-0.6400000000000006,5.329999999999998,100.0,9.49,92.0,1024.0,10.03,overcast clouds,Clouds,3.62,10.13,86.67,4095.0,10.73,-0.7000000000000011
137,90.0,8.95,92.0,1026.0,9.83,2021-12-14 06:00:00,overcast clouds,Clouds,2.06,-1.8100000000000005,7.0,99.0,8.52,93.0,1025.0,9.88,overcast clouds,Clouds,2.75,10.33,86.0,4095.0,10.93,-1.049999999999999
138,75.0,8.91,92.0,1026.0,9.8,2021-12-14 07:00:00,broken clouds,Clouds,2.06,-2.209999999999999,11.670000000000002,100.0,8.46,94.0,1025.0,9.86,overcast clouds,Clouds,2.8,10.67,82.33,4095.0,11.33,-1.4700000000000006
139,75.0,8.5,93.0,1026.0,9.77,2021-12-14 08:00:00,broken clouds,Clouds,2.57,-2.3499999999999996,16.0,100.0,8.6,95.0,1026.0,9.71,overcast clouds,Clouds,2.33,10.95,79.0,4095.0,11.67,-1.959999999999999
140,75.0,9.85,93.0,1026.0,10.33,2021-12-14 09:00:00,broken clouds,Clouds,2.57,-2.2699999999999996,17.33,100.0,8.77,94.0,1026.0,9.78,overcast clouds,Clouds,2.21,11.04,76.67,4095.0,11.8,-2.0200000000000014
141,75.0,10.55,92.0,1027.0,10.99,2021-12-14 10:00:00,broken clouds,Clouds,2.06,-2.09,17.33,100.0,9.07,93.0,1026.0,10.0,overcast clouds,Clouds,2.15,11.16,75.67,4095.0,11.93,-1.9299999999999997
142,75.0,11.29,89.0,1027.0,11.74,2021-12-14 11:00:00,broken clouds,Clouds,3.09,-1.3000000000000007,18.67,100.0,9.94,92.0,1027.0,10.44,overcast clouds,Clouds,1.97,11.24,73.33,4095.0,12.07,-1.6300000000000008
143,75.0,11.81,85.0,1027.0,12.3,2021-12-14 12:00:00,light intensity drizzle,Drizzle,2.57,-0.6600000000000001,18.0,100.0,10.11,93.0,1027.0,10.57,overcast clouds,Clouds,2.31,10.77,75.0,4095.0,11.6,-1.0299999999999994
144,75.0,12.19,85.0,1027.0,12.65,2021-12-14 13:00:00,broken clouds,Clouds,3.09,-0.3200000000000003,14.0,100.0,10.7,90.0,1027.0,11.18,overcast clouds,Clouds,2.65,11.02,76.0,4095.0,11.8,-0.620000000000001
145,75.0,12.24,84.0,1026.0,12.72,2021-12-14 14:00:00,broken clouds,Clouds,3.6,0.030000000000001137,14.329999999999998,100.0,11.05,89.0,1026.0,11.52,overcast clouds,Clouds,2.36,11.02,74.67,4095.0,11.83,-0.3100000000000005
146,75.0,12.1,84.0,1026.0,12.59,2021-12-14 15:00:00,broken clouds,Clouds,4.12,-0.3200000000000003,17.0,100.0,10.44,93.0,1027.0,10.87,overcast clouds,Clouds,1.85,10.76,76.0,4095.0,11.57,-0.7000000000000011
147,90.0,11.73,83.0,1027.0,12.28,2021-12-14 17:00:00,overcast clouds,Clouds,4.63,-1.33,15.670000000000002,100.0,9.22,96.0,1027.0,9.88,overcast clouds,Clouds,1.8,10.55,80.33,4095.0,11.27,-1.3899999999999988
148,90.0,11.38,86.0,1027.0,11.89,2021-12-14 18:00:00,overcast clouds,Clouds,4.63,-3.5300000000000002,10.670000000000002,100.0,6.96,89.0,1028.0,7.89,overcast clouds,Clouds,1.76,10.49,78.33,4095.0,11.27,-3.38
149,90.0,11.16,87.0,1027.0,11.67,2021-12-14 19:00:00,overcast clouds,Clouds,4.63,-3.6999999999999993,12.670000000000002,100.0,6.66,90.0,1028.0,7.69,overcast clouds,Clouds,1.83,10.36,77.33,4095.0,11.17,-3.4799999999999995
150,75.0,10.9,88.0,1028.0,11.41,2021-12-14 20:00:00,broken clouds,Clouds,3.6,-3.9000000000000004,14.329999999999998,100.0,6.33,91.0,1028.0,7.48,overcast clouds,Clouds,1.92,10.23,76.67,4095.0,11.07,-3.59
151,75.0,10.41,91.0,1027.0,10.89,2021-12-14 21:00:00,broken clouds,Clouds,4.12,-4.069999999999999,11.670000000000002,97.0,6.04,91.0,1028.0,7.28,overcast clouds,Clouds,1.98,10.11,79.33,4095.0,10.9,-3.62
152,20.0,10.1,92.0,1028.0,10.58,2021-12-14 22:00:00,few clouds,Clouds,3.09,-4.01,11.670000000000002,96.0,5.92,91.0,1029.0,7.1,overcast clouds,Clouds,1.89,9.93,79.33,4095.0,10.73,-3.630000000000001
153,40.0,10.11,93.0,1028.0,10.57,2021-12-14 23:00:00,scattered clouds,Clouds,2.06,-4.1499999999999995,14.329999999999998,93.0,5.64,91.0,1029.0,6.95,overcast clouds,Clouds,2.0,9.79,76.67,4095.0,10.67,-3.7199999999999998
154,75.0,10.12,91.0,1028.0,10.63,2021-12-15 00:00:00,broken clouds,Clouds,3.09,-4.220000000000001,15.670000000000002,79.0,5.42,92.0,1029.0,6.79,broken clouds,Clouds,2.03,9.64,76.33,4095.0,10.53,-3.7399999999999993
155,75.0,10.05,92.0,1028.0,10.54,2021-12-15 01:00:00,broken clouds,Clouds,1.03,-3.8,18.0,15.0,5.38,95.0,1029.0,6.7,few clouds,Clouds,1.97,9.18,77.0,4095.0,10.1,-3.3999999999999995
156,75.0,10.25,91.0,1028.0,10.74,2021-12-15 02:00:00,broken clouds,Clouds,3.09,-2.6900000000000004,17.0,46.0,6.45,94.0,1029.0,7.4,scattered clouds,Clouds,1.71,9.14,77.0,4095.0,10.07,-2.67
157,90.0,10.42,89.0,1028.0,10.95,2021-12-15 03:00:00,overcast clouds,Clouds,4.12,-2.9499999999999993,19.33,25.0,5.99,97.0,1029.0,7.31,scattered clouds,Clouds,2.08,8.94,77.67,4095.0,9.87,-2.5599999999999996
158,75.0,10.47,87.0,1028.0,11.04,2021-12-15 04:00:00,broken clouds,Clouds,4.12,-2.1499999999999995,17.33,33.0,6.79,95.0,1029.0,7.81,scattered clouds,Clouds,1.84,8.94,77.67,4095.0,9.87,-2.0599999999999996
159,75.0,10.68,85.0,1028.0,11.28,2021-12-15 05:00:00,broken clouds,Clouds,3.6,-0.7300000000000004,13.329999999999998,46.0,8.07,93.0,1028.0,9.5,scattered clouds,Clouds,2.75,8.8,79.67,4095.0,9.7,-0.1999999999999993
160,90.0,10.78,85.0,1029.0,11.37,2021-12-15 06:00:00,overcast clouds,Clouds,4.63,-1.0,11.329999999999998,54.0,8.53,89.0,1029.0,9.85,broken clouds,Clouds,2.68,9.53,77.67,4095.0,10.4,-0.5500000000000007
161,90.0,10.7,83.0,1029.0,11.34,2021-12-15 07:00:00,overcast clouds,Clouds,3.6,0.33000000000000007,4.670000000000002,98.0,9.53,84.0,1029.0,10.26,overcast clouds,Clouds,3.02,9.2,79.33,4095.0,10.07,0.1899999999999995
162,90.0,10.62,81.0,1029.0,11.32,2021-12-15 08:00:00,overcast clouds,Clouds,3.6,-0.33000000000000007,4.670000000000002,96.0,8.74,86.0,1029.0,9.95,overcast clouds,Clouds,2.53,9.07,81.33,4095.0,9.9,0.049999999999998934
163,75.0,10.91,85.0,1030.0,11.49,2021-12-15 09:00:00,broken clouds,Clouds,2.57,-1.2100000000000009,9.0,64.0,7.92,91.0,1030.0,9.3,broken clouds,Clouds,2.61,9.13,82.0,4095.0,9.93,-0.629999999999999
164,75.0,11.4,83.0,1030.0,11.98,2021-12-15 10:00:00,broken clouds,Clouds,3.09,-0.7299999999999986,7.0,48.0,8.47,89.0,1030.0,9.76,scattered clouds,Clouds,2.6,9.2,82.0,4095.0,10.0,-0.2400000000000002
165,75.0,11.81,81.0,1031.0,12.4,2021-12-15 11:00:00,broken clouds,Clouds,3.6,0.5400000000000009,1.0,52.0,9.81,83.0,1030.0,10.53,broken clouds,Clouds,3.19,9.27,82.0,4095.0,10.07,0.4599999999999991
166,90.0,12.07,80.0,1031.0,12.66,2021-12-15 12:00:00,overcast clouds,Clouds,4.12,1.0899999999999999,-2.0,60.0,10.44,80.0,1030.0,11.18,broken clouds,Clouds,2.55,9.35,82.0,4095.0,10.13,1.049999999999999
167,75.0,12.23,78.0,1031.0,12.85,2021-12-15 13:00:00,broken clouds,Clouds,4.63,1.4499999999999993,-4.0,9.0,10.87,78.0,1030.0,11.62,clear sky,Clear,2.73,9.42,82.0,4095.0,10.2,1.42
168,75.0,12.2,77.0,1031.0,12.85,2021-12-15 14:00:00,broken clouds,Clouds,4.63,1.4100000000000001,-2.0,5.0,10.9,80.0,1030.0,11.6,clear sky,Clear,2.91,9.49,82.0,4095.0,10.27,1.33
169,75.0,12.05,75.0,1031.0,12.76,2021-12-15 15:00:00,broken clouds,Clouds,4.12,0.9299999999999997,3.0,3.0,10.42,85.0,1030.0,11.04,clear sky,Clear,2.86,9.49,82.0,4095.0,10.27,0.7699999999999996
170,75.0,11.85,75.0,1031.0,12.58,2021-12-15 16:00:00,broken clouds,Clouds,2.57,-0.7100000000000009,8.0,2.0,8.93,90.0,1031.0,9.99,clear sky,Clear,2.33,9.64,82.0,4095.0,10.4,-0.41000000000000014
